########## DUMMY ############################
#########2019 07.31  ########################

########## COMPANY   #########################

INSERT INTO company VALUE ('00001','superFarm','하나님','001-2231-1232','서울시 거구장 임','010-7777-7777','02-7777-7777');

########### market admin  #####################
-- INSERT INTO marketadmin VAx	LUE('admin01','Test1234','최고관리자','ROLE_MANAGER','010-1234-1234','2313-23123-21312',NOW(),NOW());

########## FARMER   ##########################
INSERT INTO farmer VALUE
('s001','김상우','서울시 강서구','010-0000-0001','0001-00001-00001','business'),
('s002','서강일','경기도 부평구','010-0000-0002','0001-00001-00002','individual'),
('s003','심인선','서울시 수유리','010-0000-0003','0001-00001-00003','corporation'),
('s004','하양희','서울시 마포구','010-0000-0004','0001-00001-00004','business'),
('s005','김영록','경기도 수원시','010-0000-0005','0001-00001-00005','individual'),
('s006','김수진','서울시 신도림','010-0000-0006','0001-00001-00006','business'),
('s007','안수윤','서울시 강서구','010-0000-0007','0001-00001-00007','corporation'),
('s008','홍길동','경기도 안양시','010-0000-0007','0001-00001-00007','business'),
('s009','일지매','서울시 구로구','010-0000-0007','0001-00001-00007','corporation'),
('s010','장길산','서울시 강남구','010-0000-0007','0001-00001-00007','individual'),
('s011','아이유','서울시 서초구','010-0000-0007','0001-00001-00007','individual'),
('s012','장발산','서울시 서초구','010-0000-0007','0001-00001-00007','individual'),
('s013','사나','서울시 서초구','010-0000-0007','0001-00001-00007','individual'),
('s014','쯔위','서울시 서초구','010-0000-0007','0001-00001-00007','individual'),
('s015','모모','서울시 서초구','010-0000-0007','0001-00001-00007','individual'),
('s016','다현','서울시 서초구','010-0000-0007','0001-00001-00007','individual'),
('s017','정연','서울시 서초구','010-0000-0007','0001-00001-00007','individual'),
('s018','지효','서울시 서초구','010-0000-0007','0001-00001-00007','individual'),
('s019','미나','서울시 서초구','010-0000-0007','0001-00001-00007','individual'),
('s020','윤수5','서울시 서초구','010-0000-0007','0001-00001-00007','individual'),
('s021','김연아','서울시 서초구','010-0000-0007','0001-00001-00007','individual'),
('s022','박경수','서울시 서초구','010-0000-0007','0001-00001-00007','individual'),
('s023','고길동','서울시 서초구','010-0000-0007','0001-00001-00007','individual'),
('s024','아이린','서울시 서초구','010-0000-0007','0001-00001-00007','individual'),
('s025','슬기','서울시 서초구','010-0000-0007','0001-00001-00007','individual'),
('s026','조이','서울시 서초구','010-0000-0007','0001-00001-00007','individual'),
('s027','웬디','서울시 서초구','010-0000-0007','0001-00001-00007','individual'),
('s028','예리','서울시 서초구','010-0000-0007','0001-00001-00007','individual');


############ Customer   ########################
INSERT INTO Users  VALUE
('1','tester01','Test1234','테스터1','customer','1999-01-01','test01@test.com','2019-08-13:00:00:00'),
('2','tester02','Test1234','테스터2','customer','1999-02-01','test02@test.com','2019-08-13:00:00:00'),
('3','tester03','Test1234','테스터3','customer','1999-03-01','test03@test.com','2019-08-13:00:00:00'),
('4','admin01','Test1234','관리자1','customer','1999-03-01','admin01@test.com','2019-08-13:00:00:00');
INSERT INTO customer VALUE
(1,'2019-08-15','남','일반',0,null,'010-1111-2222','서울에 삼니다용'),
(2,'2018-08-15','여','일반',0,null,'010-1111-2222','서울에 삼니다용'),
(3,'2017-08-15','남','일반',0,null,'010-1111-2222','서울에 삼니다용');

INSERT INTO admins VALUE
(4,'관리자','010-7777-7777','111-11-13214');

########## 카테고리  ###############################

INSERT INTO lower_category(lower_title) VALUE
('쌀'),('보리'),('깨'),('콩'),
('깻잎'),('마늘'),('양파'),('상추'),
('수박'),('참외'),('자두'),('복숭아'),
('닭고기'),('소고기'),('돼지고기'),('특수부위');

INSERT INTO upper_category(upper_title) VALUE
('곡물'),('채소'),('과일'),('축산물');

INSERT INTO upper_lower VALUE
((SELECT upper_code FROM upper_category WHERE upper_title='곡물'),(SELECT lower_code FROM lower_category WHERE lower_title='쌀')),
((SELECT upper_code FROM upper_category WHERE upper_title='곡물'),(SELECT lower_code FROM lower_category WHERE lower_title='보리')),
((SELECT upper_code FROM upper_category WHERE upper_title='곡물'),(SELECT lower_code FROM lower_category WHERE lower_title='깨')),
((SELECT upper_code FROM upper_category WHERE upper_title='곡물'),(SELECT lower_code FROM lower_category WHERE lower_title='콩')),

((SELECT upper_code FROM upper_category WHERE upper_title='채소'),(SELECT lower_code FROM lower_category WHERE lower_title='깻잎')),
((SELECT upper_code FROM upper_category WHERE upper_title='채소'),(SELECT lower_code FROM lower_category WHERE lower_title='마늘')),
((SELECT upper_code FROM upper_category WHERE upper_title='채소'),(SELECT lower_code FROM lower_category WHERE lower_title='양파')),
((SELECT upper_code FROM upper_category WHERE upper_title='채소'),(SELECT lower_code FROM lower_category WHERE lower_title='상추')),

((SELECT upper_code FROM upper_category WHERE upper_title='과일'),(SELECT lower_code FROM lower_category WHERE lower_title='수박')),
((SELECT upper_code FROM upper_category WHERE upper_title='과일'),(SELECT lower_code FROM lower_category WHERE lower_title='참외')),
((SELECT upper_code FROM upper_category WHERE upper_title='과일'),(SELECT lower_code FROM lower_category WHERE lower_title='자두')),
((SELECT upper_code FROM upper_category WHERE upper_title='과일'),(SELECT lower_code FROM lower_category WHERE lower_title='복숭아')),

((SELECT upper_code FROM upper_category WHERE upper_title='축산물'),(SELECT lower_code FROM lower_category WHERE lower_title='닭고기')),
((SELECT upper_code FROM upper_category WHERE upper_title='축산물'),(SELECT lower_code FROM lower_category WHERE lower_title='소고기')),
((SELECT upper_code FROM upper_category WHERE upper_title='축산물'),(SELECT lower_code FROM lower_category WHERE lower_title='돼지고기')),
((SELECT upper_code FROM upper_category WHERE upper_title='축산물'),(SELECT lower_code FROM lower_category WHERE lower_title='특수부위'));



######### BOARD #########################



INSERT INTO product_board VALUE
(1,1,1,'이천원조쌀','/image/rice.jpg',3000,1,'햅쌀,이천쌀,이천원조',null,'/image/회원등급안내.jpg','/image/상세이미지Sample.jpg',
'/image/배송안내.jpg','여기는 product_edit_content 공간 입니다','2019-08-28 10:15:12','false'),
(2,1,1,'이천일지매네쌀','/image/rice.jpg',3000,0,'쌀,백미,일지매네',null,'/image/회원등급안내.jpg','/image/상세이미지Sample.jpg',
'/image/배송안내.jpg','여기는 product_edit_content 공간 입니다','2019-08-28 10:15:12','false'),
(3,1,1,'진짜좋은쌀','/image/rice.jpg',3000,2,'쌀,현미,찹쌀',null,'/image/회원등급안내.jpg','/image/상세이미지Sample.jpg',
'/image/배송안내.jpg','여기는 product_edit_content 공간 입니다','2019-08-28 10:15:12','false'),
(4,1,2,'하늘보리','/image/보리.jpg',3000,0,'보리,신선,찰보리',null,'/image/회원등급안내.jpg','/image/상세이미지Sample.jpg',
'/image/배송안내.jpg','여기는 product_edit_content 공간 입니다','2019-08-28 10:15:12','false'),
(5,1,3,'진짜고소한깨','/image/참깨.jpg',3000,3,'고소함,참깨,깨',null,'/image/회원등급안내.jpg','/image/상세이미지Sample.jpg',
'/image/배송안내.jpg','여기는 product_edit_content 공간 입니다','2019-07-31 10:15:12','false'),
(6,1,3,'꼬소한깨','/image/들깨.jpg',3000,0,'깨,고소,들깨',null,'/image/회원등급안내.jpg','/image/상세이미지Sample.jpg',
'/image/배송안내.jpg','여기는 product_edit_content 공간 입니다','2019-07-31 10:15:12','false'),
(7,1,4,'검은콩','/image/들깨.jpg',3000,2,'콩,검은콩,신선한콩',null,'/image/회원등급안내.jpg','/image/상세이미지Sample.jpg',
'/image/배송안내.jpg','여기는 product_edit_content 공간 입니다','2019-07-31 10:15:12','true'),
-- ========================곡물끝====================
(8,2,5,'깨끗한깻잎','/image/깻잎.jpg',3000,2,'깻잎,쌈,무농약',null,'/image/회원등급안내.jpg','/image/상세이미지Sample.jpg',
'/image/배송안내.jpg','여기는 product_edit_content 공간 입니다','2019-07-31 10:15:12','false'),
(9,2,6,'마늘','/image/마늘.jpg',3000,1,'마늘,톳마늘,자연마늘',null,'/image/회원등급안내.jpg','/image/상세이미지Sample.jpg',
'/image/배송안내.jpg','여기는 product_edit_content 공간 입니다','2019-07-31 10:15:12','false'),
(10,2,6,'청정마늘','/image/garlic-139659.jpg',3000,0,'통마늘,마늘,싱싱한',null,'/image/회원등급안내.jpg','/image/상세이미지Sample.jpg',
'/image/배송안내.jpg','여기는 product_edit_content 공간 입니다','2019-07-31 10:15:12','false'),
(11,2,7,'적양파','/image/red-onions-vegetables-499066.jpg',3000,0,'적양파,양파,신선',null,'/image/회원등급안내.jpg','/image/상세이미지Sample.jpg',
'/image/배송안내.jpg','여기는 product_edit_content 공간 입니다','2019-07-31 10:15:12','false'),
(12,2,7,'양파','/image/양파.jpg',3000,0,'양파,양파,신선',null,'/image/회원등급안내.jpg','/image/상세이미지Sample.jpg',
'/image/배송안내.jpg','여기는 product_edit_content 공간 입니다','2019-07-31 10:15:12','false'),
(13,2,7,'무농약양파','/image/양파.jpg',3000,3,'양파,양파,신선',null,'/image/회원등급안내.jpg','/image/상세이미지Sample.jpg',
'/image/배송안내.jpg','여기는 product_edit_content 공간 입니다','2019-07-31 10:15:12','false'),
(14,2,7,'건강한양파','/image/양파.jpg',3000,2,'양파,양파,신선',null,'/image/회원등급안내.jpg','/image/상세이미지Sample.jpg',
'/image/배송안내.jpg','여기는 product_edit_content 공간 입니다','2019-07-31 10:15:12','false'),
(15,2,7,'맛있는양파','/image/양파.jpg',3000,0,'양파,양파,신선',null,'/image/회원등급안내.jpg','/image/상세이미지Sample.jpg',
'/image/배송안내.jpg','여기는 product_edit_content 공간 입니다','2019-07-31 10:15:12','false'),
(16,2,8,'무농약상추','/image/양상추.jpg',3000,2,'상추,양상추,신선',null,'/image/회원등급안내.jpg','/image/상세이미지Sample.jpg',
'/image/배송안내.jpg','여기는 product_edit_content 공간 입니다','2019-07-31 10:15:12','false'),
(17,2,8,'맛있는상추','/image/적상추청상추.jpg',3000,1,'상추,적상추,신선',null,'/image/상세이미지Sample.jpg','/image/회원등급안내.jpg',
'/image/배송안내.jpg','여기는 product_edit_content 공간 입니다','2019-07-31 10:15:12','false'),
(18,2,8,'자연상추','/image/적상추청상추.jpg',3000,0,'상추,청상추,신선',null,'/image/회원등급안내.jpg','/image/상세이미지Sample.jpg',
'/image/배송안내.jpg','여기는 product_edit_content 공간 입니다','2019-07-31 10:15:12','false'),

-- ========================채소끝====================

(19,3,9,'달달시원수박','/image/watermelon-1379990.jpg',3000,1,'수박,여름,신선',null,'/image/회원등급안내.jpg','/image/상세이미지Sample.jpg',
'/image/배송안내.jpg','여기는 product_edit_content 공간 입니다','2019-07-31 10:15:12','false'),
(20,3,9,'시원달달수박','/image/watermelon-1379990.jpg',3000,0,'수박,시원,여름',null,'/image/회원등급안내.jpg','/image/상세이미지Sample.jpg',
'/image/배송안내.jpg','여기는 product_edit_content 공간 입니다','2019-07-31 10:15:12','false'),
(21,3,9,'당도높은수박','/image/watermelon-1379990.jpg',3000,0,'신선,수박,달달',null,'/image/회원등급안내.jpg','/image/상세이미지Sample.jpg',
'/image/배송안내.jpg','여기는 product_edit_content 공간 입니다','2019-07-31 10:15:12','false'),
(22,3,9,'상타치 수박','/image/watermelon-1379990.jpg',3000,2,'신선,달달,수박',null,'/image/회원등급안내.jpg','/image/상세이미지Sample.jpg',
'/image/배송안내.jpg','여기는 product_edit_content 공간 입니다','2019-07-31 10:15:12','false'),
(23,3,9,'쯔위가 재배한 수박','/image/watermelon-1379990.jpg',3000,3,'수박,시원,달달',null,'/image/회원등급안내.jpg','/image/상세이미지Sample.jpg',
'/image/배송안내.jpg','여기는 product_edit_content 공간 입니다','2019-07-31 10:15:12','false'),
(24,3,9,'모모가 재배한 수박','/image/watermelon-1379990.jpg',3000,0,'시원,수박,신선',null,'/image/회원등급안내.jpg','/image/상세이미지Sample.jpg',
'/image/배송안내.jpg','여기는 product_edit_content 공간 입니다','2019-07-31 10:15:12','false'),
(25,3,9,'다현이 재배한 수박','/image/watermelon-1379990.jpg',3000,0,'시원,수박,신선',null,'/image/회원등급안내.jpg','/image/상세이미지Sample.jpg',
'/image/배송안내.jpg','여기는 product_edit_content 공간 입니다','2019-07-31 10:15:12','false'),
(26,3,9,'정연이 재배한 수박','/image/watermelon-1379990.jpg',3000,0,'시원,수박,신선',null,'/image/회원등급안내.jpg','/image/상세이미지Sample.jpg',
'/image/배송안내.jpg','여기는 product_edit_content 공간 입니다','2019-07-31 10:15:12','false'),
(27,3,9,'지효가 재배한 수박','/image/watermelon-1379990.jpg',3000,0,'시원,수박,신선',null,'/image/회원등급안내.jpg','/image/상세이미지Sample.jpg',
'/image/배송안내.jpg','여기는 product_edit_content 공간 입니다','2019-07-31 10:15:12','false'),
(28,3,9,'미나가 재배한 수박','/image/watermelon-1379990.jpg',3000,0,'시원,수박,신선',null,'/image/회원등급안내.jpg','/image/상세이미지Sample.jpg',
'/image/배송안내.jpg','여기는 product_edit_content 공간 입니다','2019-07-31 10:15:12','false'),
(29,3,9,'윤수5가 재배한 수박','/image/watermelon-1379990.jpg',3000,0,'시원,수박,신선',null,'/image/회원등급안내.jpg','/image/상세이미지Sample.jpg',
'/image/배송안내.jpg','여기는 product_edit_content 공간 입니다','2019-07-31 10:15:12','false'),
(30,3,9,'윤수6가 재배한 수박','/image/watermelon-1379990.jpg',3000,0,'시원,수박,신선',null,'/image/회원등급안내.jpg','/image/상세이미지Sample.jpg',
'/image/배송안내.jpg','여기는 product_edit_content 공간 입니다','2019-07-31 10:15:12','false'),
(31,3,9,'윤수7가 재배한 수박','/image/watermelon-1379990.jpg',3000,0,'시원,수박,신선',null,'/image/회원등급안내.jpg','/image/상세이미지Sample.jpg',
'/image/배송안내.jpg','여기는 product_edit_content 공간 입니다','2019-07-31 10:15:12','false'),
(32,3,10,'참참참외','/image/melon-814438.jpg',3000,1,'시원,참외,신선',null,'/image/회원등급안내.jpg','/image/상세이미지Sample.jpg',
'/image/배송안내.jpg','여기는 product_edit_content 공간 입니다','2019-07-31 10:15:12','false'),
(33,3,10,'참맛있는 참외','/image/melon-814438.jpg',3000,2,'시원,참외,달달',null,'/image/회원등급안내.jpg','/image/상세이미지Sample.jpg',
'/image/배송안내.jpg','여기는 product_edit_content 공간 입니다','2019-07-31 10:15:12','false'),
(34,3,10,'참 달달한 참외','/image/melon-814438.jpg',3000,3,'시원,참외,여름철',null,'/image/회원등급안내.jpg','/image/상세이미지Sample.jpg',
'/image/배송안내.jpg','여기는 product_edit_content 공간 입니다','2019-07-31 10:15:12','false'),
(35,3,10,'수윤이네 참외','/image/melon-814438.jpg',3000,0,'시원,참외,여름철',null,'/image/회원등급안내.jpg','/image/상세이미지Sample.jpg',
'/image/배송안내.jpg','여기는 product_edit_content 공간 입니다','2019-07-31 10:15:12','false'),
(36,3,11,'고길동의 자두','/image/자두.jpg',3000,1,'과일,자두,달달',null,'/image/회원등급안내.jpg','/image/상세이미지Sample.jpg',
'/image/배송안내.jpg','여기는 product_edit_content 공간 입니다','2019-07-31 10:15:12','false'),
(37,3,11,'자두같은 아이린이 재배한 자두','/image/자두.jpg',3000,3,'과일,자두,달달',null,'/image/회원등급안내.jpg','/image/상세이미지Sample.jpg',
'/image/배송안내.jpg','여기는 product_edit_content 공간 입니다','2019-07-31 10:15:12','false'),
(38,3,11,'너두나두자두','/image/자두.jpg',3000,2,'과일,자두,달달',null,'/image/회원등급안내.jpg','/image/상세이미지Sample.jpg',
'/image/배송안내.jpg','여기는 product_edit_content 공간 입니다','2019-07-31 10:15:12','false'),
(39,3,11,'야자두','/image/자두.jpg',3000,0,'과일,자두,달달',null,'/image/회원등급안내.jpg','/image/상세이미지Sample.jpg',
'/image/배송안내.jpg','여기는 product_edit_content 공간 입니다','2019-07-31 10:15:12','false'),
(40,3,11,'자두리','/image/자두.jpg',3000,0,'과일,자두,달달',null,'/image/회원등급안내.jpg','/image/상세이미지Sample.jpg',
'/image/배송안내.jpg','여기는 product_edit_content 공간 입니다','2019-07-31 10:15:12','false'),
(41,3,11,'자두','/image/자두.jpg',3000,0,'과일,자두,달달',null,'/image/회원등급안내.jpg','/image/상세이미지Sample.jpg',
'/image/배송안내.jpg','여기는 product_edit_content 공간 입니다','2019-07-31 10:15:12','false'),
(42,3,11,'자두','/image/자두.jpg',3000,0,'과일,자두,달달',null,'/image/회원등급안내.jpg','/image/상세이미지Sample.jpg',
'/image/배송안내.jpg','여기는 product_edit_content 공간 입니다','2019-07-31 10:15:12','false'),
(43,3,11,'달달 자두','/image/자두.jpg',3000,1,'과일,자두,달달',null,'/image/회원등급안내.jpg','/image/상세이미지Sample.jpg',
'/image/배송안내.jpg','여기는 product_edit_content 공간 입니다','2019-07-31 10:15:12','false'),
(44,3,11,'맛있는 자두','/image/자두.jpg',3000,0,'과일,자두,달달',null,'/image/회원등급안내.jpg','/image/상세이미지Sample.jpg',
'/image/배송안내.jpg','여기는 product_edit_content 공간 입니다','2019-07-31 10:15:12','false'),
(45,3,11,'맛좋은 자두','/image/자두.jpg',3000,0,'과일,자두,달달',null,'/image/회원등급안내.jpg','/image/상세이미지Sample.jpg',
'/image/배송안내.jpg','여기는 product_edit_content 공간 입니다','2019-07-31 10:15:12','false'),
(46,3,11,'신선 자두','/image/자두.jpg',3000,0,'과일,자두,달달',null,'/image/회원등급안내.jpg','/image/상세이미지Sample.jpg',
'/image/배송안내.jpg','여기는 product_edit_content 공간 입니다','2019-07-31 10:15:12','false'),
(47,3,11,'자두','/image/자두.jpg',3000,2,'과일,자두,달달',null,'/image/회원등급안내.jpg','/image/상세이미지Sample.jpg',
'/image/배송안내.jpg','여기는 product_edit_content 공간 입니다','2019-07-31 10:15:12','false'),
(48,3,12,'당도높은 복숭아','/image/자두.jpg',3000,1,'과일,자두,달달',null,'/image/회원등급안내.jpg','/image/상세이미지Sample.jpg',
'/image/배송안내.jpg','여기는 product_edit_content 공간 입니다','2019-07-31 10:15:12','false'),
(49,3,12,'진짜 복숭아','/image/자두.jpg',3000,1,'과일,자두,달달',null,'/image/회원등급안내.jpg','/image/상세이미지Sample.jpg',
'/image/배송안내.jpg','여기는 product_edit_content 공간 입니다','2019-07-31 10:15:12','false'),
(50,3,12,'맛없으면 환불가능 복숭아','/image/자두.jpg',3000,0,'과일,자두,달달',null,'/image/회원등급안내.jpg','/image/상세이미지Sample.jpg',
'/image/배송안내.jpg','여기는 product_edit_content 공간 입니다','2019-07-31 10:15:12','false'),

-- ====================과일 끝=================================

(51,4,13,'맛있는 닭고기','/image/맛있는닭고기.jpg',3000,2,'목축,닭고기,신선',null,'/image/회원등급안내.jpg','/image/상세이미지Sample.jpg',
'/image/배송안내.jpg','여기는 product_edit_content 공간 입니다','2019-07-31 10:15:12','false'),
(52,4,13,'허림 닭고기','/image/허림닭고기.jpg',3000,1,'목축,닭고기,닭',null,'/image/회원등급안내.jpg','/image/상세이미지Sample.jpg',
'/image/배송안내.jpg','여기는 product_edit_content 공간 입니다','2019-07-31 10:15:12','false'),
(53,4,14,'건강한 한우소고기','/image/한우소고기.jpg',3000,2,'목축,소고기,한우',null,'/image/회원등급안내.jpg','/image/상세이미지Sample.jpg',
'/image/배송안내.jpg','여기는 product_edit_content 공간 입니다','2019-07-31 10:15:12','false'),
(54,4,14,'쫄깃한 소고기','/image/쫄깃한소고기.jpg',3000,1,'목축,소고기,신선',null,'/image/회원등급안내.jpg','/image/상세이미지Sample.jpg',
'/image/배송안내.jpg','여기는 product_edit_content 공간 입니다','2019-07-31 10:15:12','false'),
(55,4,15,'한국돈 돼지고기','/image/한국돈돼지고기.jpg',3000,0,'목축,돼지,한돈',null,'/image/회원등급안내.jpg','/image/상세이미지Sample.jpg',
'/image/배송안내.jpg','여기는 product_edit_content 공간 입니다','2019-07-31 10:15:12','false'),
(56,4,15,'부드러운 돼지고기','/image/부드러운돼지고기.jpg',3000,1,'목축,돼지,신선',null,'/image/회원등급안내.jpg','/image/상세이미지Sample.jpg',
'/image/배송안내.jpg','여기는 product_edit_content 공간 입니다','2019-07-31 10:15:12','false'),
(57,4,16,'특별한 특수부위','/image/특별한특수부위.jpg',3000,1,'목축,특수부위,신선',null,'/image/회원등급안내.jpg','/image/상세이미지Sample.jpg',
'/image/배송안내.jpg','여기는 product_edit_content 공간 입니다','2019-07-31 10:15:12','false'),
(58,4,16,'맛있는 특수부위','/image/맛있는특수부위.jpg',3000,0,'목축,특수부위,신선',null,'/image/회원등급안내.jpg','/image/상세이미지Sample.jpg',
'/image/배송안내.jpg','여기는 product_edit_content 공간 입니다','2019-07-31 10:15:12','false');

-- ==========================축산업 끝=======================================

########## PRODUCT ###############################
INSERT INTO product_type(product_type_name,product_unit,product_origin)
VALUE('쌀','Kg','경기도 이천'),
('보리','Kg','경기도 이천'),
('깨','Kg','경기도 이천'),
('검은콩','Kg','경기도 이천'),
('깻잎','Kg','경기도 이천'),
('마늘','Kg','경기도 이천'),
('양파','Kg','경기도 이천'),
('양상추','Kg','경기도 이천'),
('적상추','Kg','경기도 이천'),
('청상추','Kg','경기도 이천'),
('수박','통','경기도 이천'),
('개구리수박','통','경기도 이천'),
('개구리참외','통','경기도 이천'),
('참외','통','경기도 이천'),
('자두','Kg','경기도 이천'),
('천도복숭아','Kg','경기도 이천'),
('복숭아','Kg','경기도 이천');

DESC product;
INSERT INTO product VALUE
(1,'이천원조쌀','1','1','1','1','20kg','햅쌀',10000,'2019-06-01',909091,90909,0.1,0,0,'true','s001'),
(2,'이천원조쌀','1','1','1','1','10kg','햅쌀',20000,'2019-06-01',909091,90909,0.1,0,0,'true','s001'),
(3,'이천원조쌀','1','1','1','1','15kg','햅쌀',80000,'2019-06-01',909091,90909,0.1,0,0,'true','s001'),
(4,'이천원조쌀','1','1','1','1','40kg','햅쌀',40000,'2019-06-01',909091,90909,0.1,0,0,'true','s001'),

(5,'이천일지매네쌀','1','1','2','2','5kg','백미',11000,'2019-05-02',1909091,190909,0.1,4,2,'true','s009'),
(6,'이천일지매네쌀','1','1','2','2','5kg','백미',1100,'2019-05-02',1909091,190909,0.1,4,2,'true','s009'),
(7,'이천일지매네쌀','1','1','2','2','10kg','백미',21000,'2019-05-02',1909091,190909,0.1,4,2,'true','s009'),
(8,'이천일지매네쌀','1','1','2','2','10kg','백미',21000,'2019-05-02',1909091,190909,0.1,4,2,'true','s009'),
(9,'이천일지매네쌀','1','1','2','2','15kg','백미',2500,'2019-05-02',1909091,190909,0.1,4,2,'true','s009'),
(10,'이천일지매네쌀','1','1','2','2','20kg','백미',3000,'2019-05-02',1909091,190909,0.1,4,2,'true','s009'),

(11,'진짜좋은쌀','1','1','3','3','1kg','현미찹쌀',23000,'2019-08-01',20000,909,0.1,200,2,'true','s003'),
(12,'진짜좋은쌀','1','1','3','3','2kg','현미햅쌀',33000,'2019-08-01',20000,909,0.1,200,2,'true','s003'),
(13,'진짜좋은쌀','1','1','3','3','3kg','현미햅쌀',43000,'2019-08-01',20000,909,0.1,200,2,'true','s003'),
(14,'진짜좋은쌀','1','1','3','3','4kg','현미햅쌀',53000,'2019-08-01',20000,909,0.1,200,2,'true','s003'),
(15,'진짜좋은쌀','1','1','3','3','5kg','현미찹쌀',63000,'2019-08-01',20000,909,0.1,200,2,'true','s003'),

(16,'하늘보리','1','2','4','1','1kg','찰보리',20000,'2019-08-10',20000,909,0.1,200,2,'true','s004'),
(17,'하늘보리','1','2','4','1','2kg','찰보리',40000,'2019-08-10',20000,909,0.1,200,2,'true','s004'),

(18,'진짜고소한깨','1','3','5','1','1kg','참깨',20000,'2019-08-13',20000,909,0.1,200,2,'true','s002'),
(19,'진짜고소한깨','1','3','5','1','2kg','참깨',30000,'2019-08-13',20000,909,0.1,200,2,'true','s002'),

(20,'꼬소한깨','1','3','6','2','1kg','들깨',25000,'2019-08-25',20000,909,0.1,200,2,'true','s003'),
(21,'꼬소한깨','1','3','6','2','2kg','들깨',35000,'2019-08-25',20000,909,0.1,200,2,'true','s003'),

(22,'검은콩','1','3','7','1','0.5kg','검은콩',1000,'2019-08-20',20000,909,0.1,200,2,'true','s006'),
(23,'검은콩','1','3','7','1','1kg','검은콩',15000,'2019-08-20',20000,909,0.1,200,2,'true','s006'),
(24,'검은콩','1','3','7','1','2kg','검은콩',25000,'2019-08-20',20000,909,0.1,200,2,'true','s006'),
(25,'검은콩','1','3','7','1','3kg','검은콩',32000,'2019-08-20',20000,909,0.1,200,2,'true','s006'),

-- ================================곡물끝================================

(26,'깨끗한깻잎','2','1','8','1','0.5kg','깻잎',33000,'2019-07-30',30000,1909,0.1,6,12,'true','s005'),
(27,'깨끗한깻잎','2','1','8','1','100g','깻잎',43000,'2019-07-30',30000,1909,0.1,6,12,'true','s005'),
(28,'깨끗한깻잎','2','1','8','1','150g','깻잎',53000,'2019-07-30',30000,1909,0.1,6,12,'true','s005'),
(29,'깨끗한깻잎','2','1','8','1','2kg','깻잎',6300,'2019-07-30',30000,1909,0.1,6,12,'true','s005'),
(30,'깨끗한깻잎','2','1','8','1','2.5kg','깻잎',7300,'2019-07-30',30000,1909,0.1,6,12,'true','s005'),
(31,'깨끗한깻잎','2','1','8','1','3kg','깻잎',8300,'2019-07-30',30000,1909,0.1,6,12,'true','s005'),

(32,'마늘','2','2','9','1','0.5kg','톳마늘',8000,'2019-08-12',20000,909,0.1,7,1,'true','s008'),
(33,'마늘','2','2','9','1','1kg','톳마늘',16000,'2019-08-12',20000,909,0.1,7,1,'true','s008'),
(34,'마늘','2','2','9','1','2kg','톳마늘',32000,'2019-08-12',20000,909,0.1,7,1,'true','s008'),
(35,'마늘','2','2','9','1','3kg','톳마늘',38000,'2019-08-12',20000,909,0.1,7,1,'true','s008'),

(36,'청정마늘','2','2','10','2','1kg','통마늘',15000,'2019-08-15',20000,909,0.1,7,1,'true','s009'),
(37,'청정마늘','2','2','10','2','2kg','통마늘',3000,'2019-08-15',20000,909,0.1,7,1,'true','s009'),
(38,'청정마늘','2','2','10','2','4kg','통마늘',4500,'2019-08-15',20000,909,0.1,7,1,'true','s009'),
(39,'청정마늘','2','2','10','2','8kg','통마늘',7000,'2019-08-15',20000,909,0.1,7,1,'true','s009'),
(40,'청정마늘','2','2','10','2','10kg','통마늘',15000,'2019-08-15',20000,909,0.1,7,1,'true','s009'),

(41,'적양파','2','3','11','1','1kg','적양파',15000,'2019-08-15',20000,909,0.1,7,1,'true','s005'),
(42,'적양파','2','3','11','1','2kg','적양파',15000,'2019-08-15',20000,909,0.1,7,1,'true','s005'),
(43,'적양파','2','3','11','1','4kg','적양파',15000,'2019-08-15',20000,909,0.1,7,1,'true','s005'),
(44,'적양파','2','3','11','1','5kg','적양파',15000,'2019-08-15',20000,909,0.1,7,1,'true','s005'),
(45,'적양파','2','3','11','1','8kg','적양파',15000,'2019-08-15',20000,909,0.1,7,1,'true','s005'),

(46,'무농약양파','2','3','12','2','1kg','양파',15000,'2019-08-15',20000,909,0.1,7,1,'true','s008'),
(47,'무농약양파','2','3','12','2','3kg','양파',15000,'2019-08-15',20000,909,0.1,7,1,'true','s008'),
(48,'무농약양파','2','3','12','2','5kg','양파',15000,'2019-08-15',20000,909,0.1,7,1,'true','s008'),
(49,'무농약양파','2','3','12','2','7kg','양파',15000,'2019-08-15',20000,909,0.1,7,1,'true','s008'),
(50,'무농약양파','2','3','12','2','10kg','양파',15000,'2019-08-15',20000,909,0.1,7,1,'true','s008'),

(51,'건강한양파','2','3','13','3','1kg','양파',15000,'2019-08-15',20000,909,0.1,7,1,'true','s010'),
(52,'건강한양파','2','3','13','3','5kg','양파',15000,'2019-08-15',20000,909,0.1,7,1,'true','s010'),
(53,'건강한양파','2','3','13','3','10kg','양파',15000,'2019-08-15',20000,909,0.1,7,1,'true','s010'),
(54,'건강한양파','2','3','13','3','15kg','양파',15000,'2019-08-15',20000,909,0.1,7,1,'true','s010'),
(55,'건강한양파','2','3','13','3','20kg','양파',1500,'2019-08-15',20000,909,0.1,7,1,'true','s010'),

(56,'맛있는양파','2','3','14','4','2kg','양파',1500,'2019-08-15',20000,909,0.1,7,1,'true','s005'),
(57,'맛있는양파','2','3','14','4','6kg','양파',1500,'2019-08-15',20000,909,0.1,7,1,'true','s005'),
(58,'맛있는양파','2','3','14','4','10kg','양파',1500,'2019-08-15',20000,909,0.1,7,1,'true','s005'),

(59,'무농약상추','2','4','15','1','1kg','양상추',15000,'2019-08-15',20000,909,0.1,7,1,'true','s011'),
(60,'무농약상추','2','4','15','1','2kg','양상추',1500,'2019-08-15',20000,909,0.1,7,1,'true','s011'),

(61,'맛있는적상추','2','4','16','2','1kg','적상추',1000,'2019-08-15',20000,909,0.1,7,1,'true','s005'),
(62,'맛있는적상추','2','4','16','2','1.5kg','적상추',15000,'2019-08-15',20000,909,0.1,7,1,'true','s005'),
(63,'맛있는적상추','2','4','16','2','2kg','적상추',15000,'2019-08-15',20000,909,0.1,7,1,'true','s005'),

(64,'자연상추','2','4','2','17','1kg','청상추',15000,'2019-08-15',20000,909,0.1,7,1,'true','s012'),
(65,'자연상추','2','4','2','17','2kg','청상추',15000,'2019-08-15',20000,909,0.1,7,1,'true','s012'),

-- =====================================채소 끝=====================================

(66,'달달시원수박','3','1','18','1','10통','수박',15000,'2019-08-15',20000,909,0.1,7,1,'true','s012'),
(67,'달달시원수박','3','1','18','1','20통','수박',15000,'2019-08-15',20000,909,0.1,7,1,'true','s012'),
(68,'달달시원수박','3','1','18','1','40통','수박',1500,'2019-08-15',20000,909,0.1,7,1,'true','s012'),

(69,'시원달달수박','3','1','19','2','30통','수박',15000,'2019-08-15',20000,909,0.1,7,1,'true','s012'),
(70,'시원달달수박','3','1','19','2','50통','수박',15000,'2019-08-15',20000,909,0.1,7,1,'true','s012'),

(71,'당도높은수박','3','1','20','3','20통','수박',15000,'2019-08-15',20000,909,0.1,7,1,'true','s013'),
(72,'당도높은수박','3','1','20','3','30통','수박',15000,'2019-08-15',20000,909,0.1,7,1,'true','s013'),
(73,'당도높은수박','3','1','20','3','40통','수박',15000,'2019-08-15',20000,909,0.1,7,1,'true','s013'),

(74,'씹상타치 수박','3','1','21','4','5통','수박',15000,'2019-08-15',20000,909,0.1,7,1,'true','s013'),
(75,'씹상타치 수박','3','1','21','4','10통','수박',15000,'2019-08-15',20000,909,0.1,7,1,'true','s013'),
(76,'씹상타치 수박','3','1','21','4','25통','수박',1500,'2019-08-15',20000,909,0.1,7,1,'true','s013'),

(77,'씹상타치 수박','3','1','22','5','25통','수박',15000,'2019-08-15',20000,909,0.1,7,1,'true','s013'),
(78,'씹상타치 수박','3','1','22','5','25통','수박',15000,'2019-08-15',20000,909,0.1,7,1,'true','s013'),
(79,'씹상타치 수박','3','1','22','5','25통','수박',15000,'2019-08-15',20000,909,0.1,7,1,'true','s013'),
(80,'씹상타치 수박','3','1','22','5','25통','수박',15000,'2019-08-15',20000,909,0.1,7,1,'true','s013'),

(81,'쯔위가 재배한 수박','3','1','23','6','5통','수박',15000,'2019-08-15',20000,909,0.1,7,1,'true','s014'),
(82,'쯔위가 재배한 수박','3','1','23','6','10통','수박',15000,'2019-08-15',20000,909,0.1,7,1,'true','s014'),
(83,'쯔위가 재배한 수박','3','1','23','6','15통','수박',15000,'2019-08-15',20000,909,0.1,7,1,'true','s014'),
(84,'쯔위가 재배한 수박','3','1','23','6','20통','수박',15000,'2019-08-15',20000,909,0.1,7,1,'true','s014'),
(85,'쯔위가 재배한 수박','3','1','23','6','30통','수박',15000,'2019-08-15',20000,909,0.1,7,1,'true','s014'),
(86,'쯔위가 재배한 수박','3','1','23','6','35통','수박',15000,'2019-08-15',20000,909,0.1,7,1,'true','s014'),
(87,'쯔위가 재배한 수박','3','1','23','6','40통','수박',15000,'2019-08-15',20000,909,0.1,7,1,'true','s014'),
(88,'쯔위가 재배한 수박','3','1','23','6','45통','수박',15000,'2019-08-15',20000,909,0.1,7,1,'true','s014'),

(89,'모모가 재배한 수박','3','1','24','7','10통','수박',15000,'2019-08-15',20000,909,0.1,7,1,'true','s015'),
(90,'모모가 재배한 수박','3','1','24','7','15통','수박',15000,'2019-08-15',20000,909,0.1,7,1,'true','s015'),
(91,'모모가 재배한 수박','3','1','24','7','20통','수박',15000,'2019-08-15',20000,909,0.1,7,1,'true','s015'),
(92,'모모가 재배한 수박','3','1','24','7','25통','수박',15000,'2019-08-15',20000,909,0.1,7,1,'true','s015'),
(93,'모모가 재배한 수박','3','1','24','7','30통','수박',15000,'2019-08-15',20000,909,0.1,7,1,'true','s015'),
(94,'모모가 재배한 수박','3','1','24','7','35통','수박',15000,'2019-08-15',20000,909,0.1,7,1,'true','s015'),
(95,'모모가 재배한 수박','3','1','24','7','40통','수박',15000,'2019-08-15',20000,909,0.1,7,1,'true','s015'),
(96,'모모가 재배한 수박','3','1','24','7','45통','수박',15000,'2019-08-15',20000,909,0.1,7,1,'true','s015'),

(97,'다현이 재배한 수박','3','1','25','8','10통','수박',15000,'2019-08-15',20000,909,0.1,7,1,'true','s016'),
(98,'다현이 재배한 수박','3','1','25','8','20통','수박',15000,'2019-08-15',20000,909,0.1,7,1,'true','s016'),
(99,'다현이 재배한 수박','3','1','25','8','30통','수박',15000,'2019-08-15',20000,909,0.1,7,1,'true','s016'),
(100,'다현이 재배한 수박','3','1','25','8','40통','수박',10000,'2019-08-15',20000,909,0.1,7,1,'true','s016'),
(101,'다현이 재배한 수박','3','1','25','8','50통','수박',10000,'2019-08-15',20000,909,0.1,7,1,'true','s016'),
(102,'다현이 재배한 수박','3','1','25','8','60통','수박',15000,'2019-08-15',20000,909,0.1,7,1,'true','s016'),
(103,'다현이 재배한 수박','3','1','25','8','70통','수박',15000,'2019-08-15',20000,909,0.1,7,1,'true','s016'),
(104,'다현이 재배한 수박','3','1','25','8','80통','수박',15000,'2019-08-15',20000,909,0.1,7,1,'true','s016'),

(105,'정연이 재배한 수박','3','1','26','8','10통','수박',15000,'2019-08-15',20000,909,0.1,7,1,'true','s017'),
(106,'정연이 재배한 수박','3','1','26','8','15통','수박',15000,'2019-08-15',20000,909,0.1,7,1,'true','s017'),
(107,'정연이 재배한 수박','3','1','26','8','20통','수박',15000,'2019-08-15',20000,909,0.1,7,1,'true','s017'),
(108,'정연이 재배한 수박','3','1','26','8','25통','수박',15000,'2019-08-15',20000,909,0.1,7,1,'true','s017'),

(109,'지효가 재배한 수박','3','1','27','9','30통','수박',15000,'2019-08-15',20000,909,0.1,7,1,'true','s018'),
(110,'지효가 재배한 수박','3','1','27','9','60통','수박',15000,'2019-08-15',20000,909,0.1,7,1,'true','s018'),
(111,'지효가 재배한 수박','3','1','27','9','70통','수박',15000,'2019-08-15',20000,909,0.1,7,1,'true','s018'),
(112,'지효가 재배한 수박','3','1','27','9','80통','수박',15000,'2019-08-15',20000,909,0.1,7,1,'true','s018'),

(113,'미나가 재배한 수박','3','1','28','10','80통','수박',10000,'2019-08-15',20000,909,0.1,7,1,'true','s019'),
(114,'미나가 재배한 수박','3','1','28','10','80통','수박',10000,'2019-08-15',20000,909,0.1,7,1,'true','s019'),

(115,'윤수5가 재배한 수박','3','1','29','11','10통','수박',15000,'2019-08-15',20000,909,0.1,7,1,'true','s020'),

(116,'윤수5가 재배한 수박','3','1','30','12','5통','수박',150000,'2019-08-15',20000,909,0.1,7,1,'true','s020'),

(117,'윤수5가 재배한 수박','3','1','31','13','5통','수박',15000,'2019-08-15',20000,909,0.1,7,1,'true','s020'),

(118,'참참참외','3','2','32','1','10통','개구리참외',15000,'2019-08-15',20000,909,0.1,7,1,'true','s021'),
(119,'참참참외','3','2','32','1','20통','개구리참외',15000,'2019-08-15',20000,909,0.1,7,1,'true','s021'),
(120,'참참참외','3','2','32','1','30통','개구리참외',150000,'2019-08-15',20000,909,0.1,7,1,'true','s021'),

(121,'참맛있는 참외','3','2','33','2','15통','참외',15000,'2019-08-15',20000,909,0.1,7,1,'true','s005'),
(122,'참맛있는 참외','3','2','33','2','25통','참외',15000,'2019-08-15',20000,909,0.1,7,1,'true','s005'),
(123,'참맛있는 참외','3','2','33','2','35통','참외',15000,'2019-08-15',20000,909,0.1,7,1,'true','s005'),
(124,'참맛있는 참외','3','2','33','2','45통','참외',15000,'2019-08-15',20000,909,0.1,7,1,'true','s005'),

(125,'참 달달한 참외','3','2','34','3','20통','참외',15000,'2019-08-15',20000,909,0.1,7,1,'true','s006'),
(126,'참 달달한 참외','3','2','34','3','40통','참외',15000,'2019-08-15',20000,909,0.1,7,1,'true','s006'),
(127,'참 달달한 참외','3','2','34','3','50통','참외',15000,'2019-08-15',20000,909,0.1,7,1,'true','s006'),
(128,'참 달달한 참외','3','2','34','3','60통','참외',15000,'2019-08-15',20000,909,0.1,7,1,'true','s006'),
(129,'참 달달한 참외','3','2','34','3','70통','참외',15000,'2019-08-15',20000,909,0.1,7,1,'true','s006'),

(130,'수윤이네 참외','3','2','35','4','70통','참외',15000,'2019-08-15',20000,909,0.1,7,1,'true','s007'),
(131,'수윤이네 참외','3','2','35','4','70통','참외',15000,'2019-08-15',20000,909,0.1,7,1,'true','s007'),
(132,'수윤이네 참외','3','2','35','4','70통','참외',15000,'2019-08-15',20000,909,0.1,7,1,'true','s007'),
(133,'수윤이네 참외','3','2','35','4','70통','참외',15000,'2019-08-15',20000,909,0.1,7,1,'true','s007'),

(134,'고길동의 자두','3','3','36','1','10kg','자두',15000,'2019-08-15',20000,909,0.1,7,1,'true','s023'),
(135,'고길동의 자두','3','3','36','1','15kg','자두',15000,'2019-08-15',20000,909,0.1,7,1,'true','s023'),
(136,'고길동의 자두','3','3','36','1','20kg','자두',15000,'2019-08-15',20000,909,0.1,7,1,'true','s023'),
(137,'고길동의 자두','3','3','36','1','25kg','자두',15000,'2019-08-15',20000,909,0.1,7,1,'true','s023'),
(138,'고길동의 자두','3','3','36','1','30kg','자두',15000,'2019-08-15',20000,909,0.1,7,1,'true','s023'),

(139,'자두같은 아이린이 재배한 자두','3','3','37','2','10kg','자두',15000,'2019-08-15',20000,909,0.1,7,1,'true','s024'),
(140,'자두같은 아이린이 재배한 자두','3','3','37','2','20kg','자두',15000,'2019-08-15',20000,909,0.1,7,1,'true','s024'),
(141,'자두같은 아이린이 재배한 자두','3','3','37','2','30kg','자두',15000,'2019-08-15',20000,909,0.1,7,1,'true','s024'),
(142,'자두같은 아이린이 재배한 자두','3','3','37','2','40kg','자두',15000,'2019-08-15',20000,909,0.1,7,1,'true','s024'),
(143,'자두같은 아이린이 재배한 자두','3','3','37','2','50kg','자두',15000,'2019-08-15',20000,909,0.1,7,1,'true','s024'),
(144,'자두같은 아이린이 재배한 자두','3','3','37','2','60kg','자두',150000,'2019-08-15',20000,909,0.1,7,1,'true','s024'),

(145,'너두나두자두','3','3','38','3','10kg','자두',15000,'2019-08-15',20000,909,0.1,7,1,'true','s025'),
(146,'너두나두자두','3','3','38','3','15kg','자두',15000,'2019-08-15',20000,909,0.1,7,1,'true','s025'),
(147,'너두나두자두','3','3','38','3','20kg','자두',15000,'2019-08-15',20000,909,0.1,7,1,'true','s025'),
(148,'너두나두자두','3','3','38','3','25kg','자두',15000,'2019-08-15',20000,909,0.1,7,1,'true','s025'),
(149,'너두나두자두','3','3','38','3','30kg','자두',15000,'2019-08-15',20000,909,0.1,7,1,'true','s025'),
(150,'너두나두자두','3','3','38','3','35kg','자두',15000,'2019-08-15',20000,909,0.1,7,1,'true','s025'),
(151,'너두나두자두','3','3','38','3','40kg','자두',15000,'2019-08-15',20000,909,0.1,7,1,'true','s025'),

(152,'야자두','3','3','39','4','10kg','자두',15000,'2019-08-15',20000,909,0.1,7,1,'true','s026'),
(153,'야자두','3','3','39','4','30kg','자두',15000,'2019-08-15',20000,909,0.1,7,1,'true','s026'),

(154,'자두리','3','3','40','5','10kg','자두',15000,'2019-08-15',20000,909,0.1,7,1,'true','s011'),
(155,'자두리','3','3','40','5','15kg','자두',15000,'2019-08-15',20000,909,0.1,7,1,'true','s011'),
(156,'자두리','3','3','40','5','20kg','자두',15000,'2019-08-15',20000,909,0.1,7,1,'true','s011'),
(157,'자두리','3','3','40','5','25kg','자두',15000,'2019-08-15',20000,909,0.1,7,1,'true','s011'),
(158,'자두리','3','3','40','5','30kg','자두',15000,'2019-08-15',20000,909,0.1,7,1,'true','s011'),

(159,'자두','3','3','41','6','10kg','자두',15000,'2019-08-15',20000,909,0.1,7,1,'true','s027'),
(160,'자두','3','3','41','6','20kg','자두',15000,'2019-08-15',20000,909,0.1,7,1,'true','s027'),
(161,'자두','3','3','41','6','30kg','자두',15000,'2019-08-15',20000,909,0.1,7,1,'true','s027'),

(162,'자두','3','3','42','7','50kg','자두',15000,'2019-08-15',20000,909,0.1,7,1,'true','s027'),

(163,'달달 자두','3','3','43','8','40kg','자두',15000,'2019-08-15',20000,909,0.1,7,1,'true','s028'),

(164,'맛있는 자두','3','3','44','9','10kg','자두',15000,'2019-08-15',20000,909,0.1,7,1,'true','s020'),
(165,'맛있는 자두','3','3','44','9','20kg','자두',15000,'2019-08-15',20000,909,0.1,7,1,'true','s020'),

(166,'맛좋은 자두','3','3','45','10','20kg','자두',15000,'2019-08-15',20000,909,0.1,7,1,'true','s021'),
(167,'맛좋은 자두','3','3','45','10','30kg','자두',15000,'2019-08-15',20000,909,0.1,7,1,'true','s021'),

(168,'신선한 자두','3','3','46','11','10kg','자두',15000,'2019-08-15',20000,909,0.1,7,1,'true','s022'),
(169,'신선한 자두','3','3','46','11','20kg','자두',15000,'2019-08-15',20000,909,0.1,7,1,'true','s022'),

(170,'자두','3','3','47','12','10kg','자두',15000,'2019-08-15',20000,909,0.1,7,1,'true','s023'),

(171,'당도높은 복숭아','3','4','48','1','10kg','천도복숭아',15000,'2019-08-15',20000,909,0.1,7,1,'true','s015'),
(172,'당도높은 복숭아','3','4','48','1','20kg','천도복숭아',15000,'2019-08-15',20000,909,0.1,7,1,'true','s015'),
(173,'당도높은 복숭아','3','4','48','1','30kg','천도복숭아',15000,'2019-08-15',20000,909,0.1,7,1,'true','s015'),

(174,'진짜 복숭아','3','4','49','2','10kg','복숭아',15000,'2019-08-15',20000,909,0.1,7,1,'true','s016'),
(175,'진짜 복숭아','3','4','49','2','15kg','복숭아',15000,'2019-08-15',20000,909,0.1,7,1,'true','s016'),
(176,'진짜 복숭아','3','4','49','2','20kg','복숭아',15000,'2019-08-15',20000,909,0.1,7,1,'true','s016'),

(177,'맛없으면 환불가능 복숭아','3','4','50','3','10kg','복숭아',15000,'2019-08-15',20000,909,0.1,7,1,'true','s017'),
(178,'맛없으면 환불가능 복숭아','3','4','50','3','20kg','복숭아',15000,'2019-08-15',20000,909,0.1,7,1,'true','s017'),
(179,'맛없으면 환불가능 복숭아','3','4','50','3','30kg','복숭아',15000,'2019-08-15',20000,909,0.1,7,1,'true','s017'),
(180,'맛없으면 환불가능 복숭아','3','4','50','3','40kg','복숭아',15000,'2019-08-15',20000,909,0.1,7,1,'true','s017'),
(181,'맛없으면 환불가능 복숭아','3','4','50','3','50kg','복숭아',15000,'2019-08-15',20000,909,0.1,7,1,'true','s017'),

-- ====================================과일 끝===========================================
(182,'맛있는 닭고기','4','1','51','1','1kg','닭가슴살',10000,'2019-08-12',9000,1000,0.1,7,1,'true','s003'),
(183,'맛있는 닭고기','4','1','51','1','2kg','닭가슴살',20000,'2019-08-12',18000,2000,0.1,7,1,'true','s003'),
(184,'맛있는 닭고기','4','1','51','1','3kg','닭다리살',32000,'2019-08-12',27000,3000,0.1,7,1,'true','s003'),
(185,'맛있는 닭고기','4','1','51','1','4kg','닭다리살',40000,'2019-08-12',36000,4000,0.1,7,1,'true','s003'),

(186,'허림 닭고기','4','1','52','2','1kg','닭봉',10000,'2019-08-15',9000,1000,0.1,7,1,'true','s004'),
(187,'허림 닭고기','4','1','52','2','2kg','닭봉',20000,'2019-08-15',18000,2000,0.1,7,1,'true','s004'),
(188,'허림 닭고기','4','1','52','2','4kg','닭가슴살',45000,'2019-08-15',37000,4000,0.1,7,1,'true','s004'),
(189,'허림 닭고기','4','1','52','2','8kg','닭가슴살',7000,'2019-08-15',67000,8000,0.1,7,1,'true','s004'),
(190,'허림 닭고기','4','1','52','2','10kg','닭다리살',15000,'2019-08-15',100000,10000,0.1,7,1,'true','s004'),

(191,'건강한 한우소고기','4','2','53','1','1kg','안심',30000,'2019-08-17',27000,3000,0.1,7,1,'true','s005'),
(192,'건강한 한우소고기','4','2','53','1','2kg','안심',59000,'2019-08-17',55000,7000,0.1,7,1,'true','s005'),
(193,'건강한 한우소고기','4','2','53','1','3kg','등심',85000,'2019-08-17',80000,10000,0.1,7,1,'true','s005'),
(194,'건강한 한우소고기','4','2','53','1','4kg','등심',11000,'2019-08-17',99000,10000,0.1,7,1,'true','s005'),

(195,'쫄깃한 소고기','4','2','54','2','1kg','안심',15000,'2019-08-18',11000,2000,0.1,7,1,'true','s009'),
(196,'쫄깃한 소고기','4','2','54','2','2kg','안심',30000,'2019-08-18',27000,3000,0.1,7,1,'true','s009'),
(197,'쫄깃한 소고기','4','2','54','2','4kg','갈비',45000,'2019-08-18',39000,5000,0.1,7,1,'true','s009'),
(198,'쫄깃한 소고기','4','2','54','2','8kg','갈비',70000,'2019-08-18',67000,7000,0.1,7,1,'true','s009'),
(199,'쫄깃한 소고기','4','2','54','2','10kg','갈비',15000,'2019-08-18',90000,10000,0.1,7,1,'true','s009'),

(200,'한국돈 돼지고기','4','3','55','1','1kg','등심',15000,'2019-08-19',11000,2000,0.1,7,1,'true','s006'),
(201,'한국돈 돼지고기','4','3','55','1','2kg','등심',30000,'2019-08-19',27000,3000,0.1,7,1,'true','s006'),
(202,'한국돈 돼지고기','4','3','55','1','4kg','등심',45000,'2019-08-19',39000,5000,0.1,7,1,'true','s006'),
(203,'한국돈 돼지고기','4','3','55','1','5kg','안심',70000,'2019-08-19',67000,7000,0.1,7,1,'true','s006'),
(204,'한국돈 돼지고기','4','3','55','1','8kg','안심',150000,'2019-08-19',90000,10000,0.1,7,1,'true','s006'),

(205,'부드러운 돼지고기','4','3','56','2','1kg','갈비',15000,'2019-08-15',11000,2000,0.1,7,1,'true','s008'),
(206,'부드러운 돼지고기','4','3','56','2','3kg','갈비',30000,'2019-08-15',27000,3000,0.1,7,1,'true','s008'),
(207,'부드러운 돼지고기','4','3','56','2','5kg','갈비',45000,'2019-08-15',39000,5000,0.1,7,1,'true','s008'),
(208,'부드러운 돼지고기','4','3','56','2','7kg','갈비',70000,'2019-08-15',67000,7000,0.1,7,1,'true','s008'),
(209,'부드러운 돼지고기','4','3','56','2','10kg','갈비',150000,'2019-08-15',90000,10000,0.1,7,1,'true','s008'),

(210,'특별한 특수부위','4','4','57','1','1kg','사태',15000,'2019-08-15',11000,2000,0.1,7,1,'true','s010'),
(211,'특별한 특수부위','4','4','57','1','5kg','사태',30000,'2019-08-15',27000,3000,0.1,7,1,'true','s010'),
(212,'특별한 특수부위','4','4','57','1','10kg','대창',45000,'2019-08-15',39000,5000,0.1,7,1,'true','s010'),
(213,'특별한 특수부위','4','4','57','1','15kg','대창',70000,'2019-08-15',67000,7000,0.1,7,1,'true','s010'),
(214,'특별한 특수부위','4','4','57','1','20kg','대창',150000,'2019-08-15',90000,10000,0.1,7,1,'true','s010'),

(215,'맛있는 특수부위','4','4','58','2','2kg','우둔살',15000,'2019-08-16',11000,2000,0.1,7,1,'true','s007'),
(216,'맛있는 특수부위','4','4','58','2','6kg','우둔살',30000,'2019-08-16',27000,3000,0.1,7,1,'true','s007'),
(217,'맛있는 특수부위','4','4','58','2','10kg','우둔살',45000,'2019-08-16',39000,5000,0.1,7,1,'true','s007');


INSERT INTO product_inventory(product_code,product_stock, product_total_sales,product_refund_count) VALUES
(	1	,	69	,	73	,	10	),
(	2	,	53	,	944	,	13	),
(	3	,	95	,	327	,	48	),
(	4	,	96	,	482	,	4	),
(	5	,	95	,	822	,	28	),
(	6	,	26	,	742	,	48	),
(	7	,	33	,	125	,	35	),
(	8	,	20	,	577	,	35	),
(	9	,	19	,	345	,	22	),
(	10	,	23	,	105	,	20	),
(	11	,	6	,	691	,	27	),
(	12	,	72	,	689	,	34	),
(	13	,	69	,	268	,	11	),
(	14	,	93	,	614	,	37	),
(	15	,	56	,	696	,	36	),
(	16	,	51	,	561	,	49	),
(	17	,	0	,	260	,	21	),
(	18	,	94	,	169	,	6	),
(	19	,	48	,	402	,	35	),
(	20	,	41	,	104	,	36	),
(	21	,	77	,	646	,	12	),
(	22	,	50	,	335	,	21	),
(	23	,	68	,	40	,	14	),
(	24	,	5	,	970	,	44	),
(	25	,	73	,	21	,	2	),
(	26	,	92	,	807	,	31	),
(	27	,	9	,	152	,	46	),
(	28	,	1	,	532	,	14	),
(	29	,	48	,	866	,	35	),
(	30	,	15	,	979	,	11	),
(	31	,	22	,	132	,	7	),
(	32	,	82	,	721	,	46	),
(	33	,	19	,	400	,	41	),
(	34	,	63	,	974	,	33	),
(	35	,	21	,	826	,	6	),
(	36	,	79	,	862	,	3	),
(	37	,	10	,	841	,	21	),
(	38	,	2	,	992	,	2	),
(	39	,	7	,	35	,	21	),
(	40	,	92	,	746	,	46	),
(	41	,	30	,	967	,	41	),
(	42	,	26	,	345	,	43	),
(	43	,	34	,	725	,	37	),
(	44	,	47	,	54	,	44	),
(	45	,	57	,	212	,	16	),
(	46	,	32	,	855	,	21	),
(	47	,	21	,	825	,	9	),
(	48	,	58	,	292	,	41	),
(	49	,	1	,	146	,	35	),
(	50	,	6	,	842	,	4	),
(	51	,	3	,	936	,	8	),
(	52	,	78	,	367	,	19	),
(	53	,	99	,	254	,	13	),
(	54	,	71	,	201	,	36	),
(	55	,	44	,	125	,	11	),
(	56	,	9	,	919	,	30	),
(	57	,	71	,	882	,	45	),
(	58	,	59	,	348	,	20	),
(	59	,	33	,	344	,	26	),
(	60	,	25	,	474	,	37	),
(	61	,	76	,	518	,	7	),
(	62	,	43	,	52	,	45	),
(	63	,	97	,	870	,	25	),
(	64	,	34	,	403	,	33	),
(	65	,	40	,	945	,	48	),
(	66	,	27	,	819	,	46	),
(	67	,	22	,	924	,	15	),
(	68	,	59	,	981	,	47	),
(	69	,	11	,	156	,	23	),
(	70	,	19	,	801	,	44	),
(	71	,	73	,	19	,	23	),
(	72	,	2	,	361	,	7	),
(	73	,	34	,	883	,	49	),
(	74	,	73	,	514	,	50	),
(	75	,	55	,	912	,	14	),
(	76	,	4	,	736	,	9	),
(	77	,	74	,	119	,	6	),
(	78	,	37	,	30	,	46	),
(	79	,	6	,	235	,	16	),
(	80	,	57	,	550	,	27	),
(	81	,	28	,	27	,	41	),
(	82	,	13	,	568	,	50	),
(	83	,	75	,	514	,	30	),
(	84	,	10	,	76	,	17	),
(	85	,	11	,	168	,	35	),
(	86	,	41	,	178	,	1	),
(	87	,	27	,	421	,	30	),
(	88	,	28	,	271	,	4	),
(	89	,	78	,	979	,	29	),
(	90	,	49	,	448	,	20	),
(	91	,	19	,	36	,	8	),
(	92	,	98	,	397	,	26	),
(	93	,	38	,	430	,	11	),
(	94	,	21	,	910	,	9	),
(	95	,	83	,	447	,	12	),
(	96	,	69	,	832	,	12	),
(	97	,	20	,	409	,	47	),
(	98	,	14	,	113	,	17	),
(	99	,	97	,	945	,	44	),
(	100	,	34	,	719	,	18	),
(	101	,	49	,	59	,	13	),
(	102	,	9	,	748	,	38	),
(	103	,	92	,	577	,	13	),
(	104	,	50	,	793	,	14	),
(	105	,	21	,	774	,	26	),
(	106	,	5	,	506	,	5	),
(	107	,	64	,	196	,	50	),
(	108	,	10	,	55	,	1	),
(	109	,	69	,	858	,	50	),
(	110	,	31	,	649	,	24	),
(	111	,	59	,	145	,	32	),
(	112	,	98	,	288	,	2	),
(	113	,	90	,	756	,	7	),
(	114	,	91	,	689	,	37	),
(	115	,	28	,	315	,	21	),
(	116	,	19	,	653	,	45	),
(	117	,	37	,	506	,	11	),
(	118	,	90	,	36	,	3	),
(	119	,	83	,	837	,	1	),
(	120	,	58	,	297	,	15	),
(	121	,	90	,	466	,	34	),
(	122	,	100	,	195	,	32	),
(	123	,	45	,	492	,	48	),
(	124	,	26	,	506	,	33	),
(	125	,	90	,	981	,	1	),
(	126	,	38	,	823	,	43	),
(	127	,	47	,	693	,	27	),
(	128	,	80	,	747	,	28	),
(	129	,	49	,	992	,	14	),
(	130	,	72	,	614	,	27	),
(	131	,	42	,	777	,	23	),
(	132	,	87	,	495	,	36	),
(	133	,	8	,	815	,	33	),
(	134	,	57	,	931	,	50	),
(	135	,	9	,	73	,	31	),
(	136	,	24	,	287	,	15	),
(	137	,	100	,	752	,	20	),
(	138	,	62	,	585	,	29	),
(	139	,	67	,	269	,	3	),
(	140	,	49	,	474	,	40	),
(	141	,	11	,	558	,	12	),
(	142	,	54	,	493	,	23	),
(	143	,	96	,	104	,	44	),
(	144	,	55	,	117	,	29	),
(	145	,	94	,	581	,	31	),
(	146	,	4	,	348	,	48	),
(	147	,	19	,	459	,	47	),
(	148	,	68	,	730	,	22	),
(	149	,	36	,	21	,	19	),
(	150	,	55	,	569	,	15	),
(	151	,	73	,	802	,	10	),
(	152	,	22	,	854	,	44	),
(	153	,	86	,	979	,	11	),
(	154	,	65	,	337	,	9	),
(	155	,	7	,	500	,	10	),
(	156	,	65	,	765	,	41	),
(	157	,	32	,	273	,	42	),
(	158	,	85	,	877	,	12	),
(	159	,	25	,	666	,	21	),
(	160	,	46	,	797	,	21	),
(	161	,	45	,	361	,	12	),
(	162	,	84	,	982	,	35	),
(	163	,	54	,	31	,	42	),
(	164	,	54	,	105	,	41	),
(	165	,	2	,	191	,	47	),
(	166	,	18	,	895	,	6	),
(	167	,	91	,	999	,	13	),
(	168	,	65	,	460	,	21	),
(	169	,	61	,	138	,	44	),
(	170	,	16	,	216	,	6	),
(	171	,	73	,	976	,	50	),
(	172	,	38	,	247	,	39	),
(	173	,	20	,	496	,	23	),
(	174	,	75	,	170	,	45	),
(	175	,	46	,	207	,	4	),
(	176	,	76	,	474	,	32	),
(	177	,	16	,	783	,	33	),
(	178	,	26	,	917	,	24	),
(	179	,	97	,	490	,	43	),
(	180	,	66	,	781	,	37	),
(	181	,	51	,	241	,	34	),
(	182	,	88	,	924	,	18	),
(	183	,	18	,	469	,	25	),
(	184	,	15	,	769	,	20	),
(	185	,	37	,	842	,	39	),
(	186	,	89	,	759	,	1	),
(	187	,	54	,	598	,	37	),
(	188	,	45	,	323	,	14	),
(	189	,	75	,	360	,	4	),
(	190	,	54	,	817	,	32	),
(	191	,	27	,	806	,	17	),
(	192	,	91	,	281	,	35	),
(	193	,	32	,	509	,	31	),
(	194	,	2	,	870	,	21	),
(	195	,	94	,	809	,	12	),
(	196	,	61	,	2	,	38	),
(	197	,	72	,	148	,	36	),
(	198	,	26	,	684	,	43	),
(	199	,	22	,	504	,	45	),
(	200	,	77	,	912	,	25	),
(	201	,	62	,	483	,	50	),
(	202	,	51	,	955	,	35	),
(	203	,	38	,	579	,	2	),
(	204	,	4	,	567	,	46	),
(	205	,	42	,	904	,	37	),
(	206	,	37	,	359	,	43	),
(	207	,	12	,	491	,	13	),
(	208	,	59	,	148	,	31	),
(	209	,	1	,	893	,	21	),
(	210	,	12	,	849	,	35	),
(	211	,	27	,	590	,	29	),
(	212	,	22	,	599	,	29	),
(	213	,	0	,	361	,	4	),
(	214	,	5	,	914	,	29	),
(	215	,	27	,	294	,	3	),
(	216	,	11	,	106	,	25	),
(	217	,	92	,	104	,	14	);

SELECT * FROM product p NATURAL JOIN product_inventory i WHERE p.lower_code =1 ORDER BY i.product_total_sales DESC;
SELECT * FROM product;
-- INSERT INTO productBoard_product VALUE
-- (1,1),(1,2),(1,3),(1,4),
-- (2,5),(2,6),(2,7),(2,8),(2,9),(2,10),
-- (3,11),(3,12),(3,13),(3,14),(3,15),
-- (4,16),(4,17),(4,18),(4,19),(4,20),(4,21),
-- (5,22),(5,23),(5,24),(5,25),(5,26),(5,27),
-- (6,28),(6,29),(6,30),(6,31);


INSERT INTO review_board VALUE
(1,1,'tester01','/image/맛있게.jpg','잘받아서 맛있게 먹었어요','잘 먹었어요~',5,'2019-08-28:10:12:11','false',null),
(2,1,'tester02','/image/sushi-599721.jpg','이천의 맛이 느껴져요','제곧내',2,'2019-08-21:13:12:11','false',null),
(3,1,'tester03',null,'장사꾼이시군만요','생각 보다 싸서 놀랐어요 ',5,'2019-07-22:14:12:11','false',null),
(4,5,'tester01',null,'자나깨나','깨가 맛있다는 생각뿐',4,'2019-07-23:11:13:11','false',null),
(5,5,'tester02',null,'깨가 꽤 맛있네요','GMT',5,'2019-07-23:15:12:11','false',null),
(6,5,'tester03',null,'생각보다 별로에요','품질이 엉망인것 같아요....',2,'2019-07-24:14:12:11','false',null),
(7,51,'tester03',null,'역시 닭고기는 진리','맛있네요~~~',4,'2019-07-24:17:27:11','false',null),
(8,7,'tester02',null,'남편이 탈모라서 많이 샀어요','자라나라 머리머리',4,'2019-07-24:17:27:11','false',null),
(9,18,'tester01',null,'깨가 이상해요','이상한것 같아요',2,'2019-07-24:17:27:11','false',null),
(10,51,'tester01','/image/chicken-1199243.jpg','덕분에 맛있게 먹어요','생각보다 크네요!',5,'2019-07-24:17:27:11','false',null),
(11,52,'tester03',null,'하림 짝퉁인가요?','별로인것 같아요',1,'2019-07-24:17:27:11','false',null),
(12,58,'tester02','/image/beef-4409138.jpg','늦린 배송 별로에요','그래도 맛은 있네요',3,'2019-07-24:17:27:11','false',null),
(13,58,'tester03',null,'고기가 신선하고 맛있어요','자주 시킬께요',5,'2019-07-24:17:27:11','false',null),
(14,58,'tester01',null,'역시 소고기는','맛있어',5,'2019-07-24:17:27:11','false',null),
(15,51,'tester03',null,'1일1치킨','맛있어',4,'2019-07-24:17:27:11','false',null),
(16,51,'tester02',null,'신선하고 좋네요','신선하고 좋네요',5,'2019-07-24:17:27:11','false',null),
(17,55,'tester01',null,'비싸긴한데','너무 맛있어요',4,'2019-07-24:17:27:11','false',null),
(18,55,'tester03',null,'돼지고기 좋아요','신선하네요',4,'2019-07-24:17:27:11','false',null),
(19,55,'tester03',null,'선물용으로도 좋은 것 같아요','신선해요',4,'2019-07-24:17:27:11','false',null),
(20,18,'tester03',null,'무농약이죠?','고소해서 좋아요',4,'2019-07-24:17:27:11','false',null),
(21,19,'tester01','/image/19수박review1.jpg','수박이 너무 잘 익었어','덕분에 잘 먹었어요~',5,'2019-08-28:10:12:11','false',null),
(22,19,'tester02','/image/19수박review2.jpg','시원달달한 수박','감사합니다.',2,'2019-08-21:13:12:11','false',null),
(23,20,'tester03','/image/20수박review1.jpg','달달시원수박네','맛있게 잘먹었습니다.',5,'2019-07-22:14:12:11','false',null),
(24,33,'tester01','/image/33참외review1.jpg','역시 여름에는','맛있게 잘먹었습니다.',4,'2019-07-23:11:13:11','false',null),
(25,20,'tester02','/image/20수박review2.jpg','수박은 행복','덕분에 잘 먹었어요~',3,'2019-07-23:15:12:11','false',null),
(26,38,'tester01','/image/38자두review1.jpg','매번 시켜먹어요','다음에도 시켜먹을게요.',3,'2019-07-24:14:12:11','false',null),
(27,20,'tester02','/image/20수박review3.jpg','맛있습니다. ','감사합니다.',5,'2019-07-24:17:27:11','false',null),
(28,8,'tester02','/image/8깻잎review1.jpg','다같은 깻잎이..','받자마자 신선해서 놀랐습니다.',2,'2019-07-24:17:27:11','false',null),
(29,19,'tester01','/image/19수박review3.jpg','수박 정말 맛있습니다. 강추합니다.','다음에도 시켜먹을게요.',5,'2019-07-01:13:27:11','false',null),
(30,17,'tester01','/image/17상추review1.jpg','상추 정말 맛있습니다. 강추합니다.','다음에도 시켜먹을게요.',5,'2019-07-24:17:27:11','false',null),
(31,13,'tester01','/image/13양파review1.jpg','정말 품질이 좋네요','다음에도 시켜먹을게요.',5,'2019-07-23:11:27:11','false',null),
(32,17,'tester02','/image/17상추review3.jpg','아이가 맛있다네요','다들 너무 맛있다네요 ',5,'2019-07-24:17:27:11','false',null),
(33,33,'tester03','/image/33참외review2.jpg','여기서만 시켜먹어요','다음에도 시켜먹을게요.',5,'2019-07-24:17:27:11','false',null),
(34,38,'tester01','/image/38자두review2.jpg','다음에도 시켜먹겠습니다.','너무 맛있다네요',5,'2019-07-24:17:27:11','false',null),
(35,8,'tester02','/image/8깻잎review2.jpg','깻잎 정말 맛있습니다.','기대를 져버리지 않네요',2,'2019-07-23:15:12:11','false',null),
(36,33,'tester01','/image/33참외review3.jpg','정말 맛있습니다.','기대를 져버리지 않네요',3,'2019-07-24:14:12:11','false',null),
(37,17,'tester02','/image/13양파review2.jpg','기대를 져버리지 않네요','다음에도 시켜먹겠습니다.',5,'2019-07-24:17:27:11','false',null),
(39,38,'tester01','/image/38자두review3.jpg','다음에도 시켜먹겠습니다.','자두 빨간게 정말 맛있습니다.',3,'2019-07-19:14:27:11','false',null),
(40,8,'tester01','/image/8깻잎review3.jpg',' 정말 품질이 좋네요','정말 맛있습니다. 강추입니다.',5,'2019-07-24:17:27:11','false',null);


INSERT INTO question_board VALUE
(1,1,'tester01','질문사항','1234','이거 너무 비싼거 아니에요?','2019-08-28 10:22:12','true','false',null),
(2,1,'tester02','나도 질문.','1234','당일 배송 가능 한가요?','2019-07-31 12:23:12','true','false',null),
(3,5,'tester03','배송출발 언제쯤인가요','1234','제곧내','2019-07-31 15:23:12','true','false',null),
(4,5,'tester02','빨리 답변좀','1234','할인되나요?','2019-07-31 16:22:12','true','false',null),
(5,51,'tester03','닭고기 냉장인가요?','1234','냉동인가요?','2019-07-31 17:22:12','true','false',null),
(6,51,'tester01','닭고기가 좀 이상해요','1234','약간 이상해요','2019-07-31 18:12:12','true','false',null),
(7,52,'tester02','빠른 배송 가능한가요?','1234','빠른 배송 가능한가요?','2019-07-31 19:28:12','true','false',null),
(8,18,'tester03','급합니다.','1234','어제 주문했는데 취소 가능할까요?','2019-07-31 20:31:12','true','false',null),
(9,58,'tester01','소고기등급이?','1234','소고기등급이 어떻게 되나요?','2019-07-31 22:23:12','true','false',null),
(10,58,'tester03','육우는 아니죠?','1234','육우인지 아무표시 없네요ㄷㄷ','2019-07-31 15:23:12','true','false',null),
(11,5,'tester01','깨 박사입니다.','1234','깨깨깨깨깨깨깨깨깨깨깨깨','2019-07-31 15:23:12','false','false',null),
(12,7,'tester01','다른콩도 나왔으면합니다.','1234','다양한 콩을 사고 싶네요','2019-07-31 15:23:12','false','false',null),
(13,2,'tester02','일지매님 직거래 가능할까요?','1234','잠시 이천들릴 일이 있어 직거래 하고 싶어요','2019-07-31 15:23:12','true','false',null),
(14,1,'tester01','추가질문','1234','진짜 원조인가요?','2019-07-31 15:23:12','false','false',null),
(15,55,'tester02','목살 판매하나요?','1234','목살도 사고 싶네요','2019-07-31 15:23:12','true','false',null),
(16,18,'tester01','대량구매 가능할까요?','1234','요식업하는데 100kg이 필요할것 같아요','2019-07-31 15:23:12','true','false',null),
(17,7,'tester03','검은콩에 뭔가 들어있네요','1234','그건 바로 당신의 정성입니다.','2019-07-31 15:23:12','true','false',null),
(18,55,'tester01','삼겹살은 왜 없나요?','1234','삼겹살도 판매 부탁합니다.','2019-07-31 15:23:12','true','false',null),
(19,58,'tester02','방목인가요?축사인가요?','1234','궁금합니다','2019-07-31 15:23:12','true','false',null),
(20,52,'tester03','당일배송인가요?','1234','좀더 신선하게 먹고싶네요','2019-07-31 15:23:12','true','false',null),
(21,19,'tester01','수박에 씨가 별로 없는데 정상인가요?','1234','수박을 달달시원수박에서 샀는데요 씨가 까맣게 많이 붇어있어야 싱싱한 것으로 알고 있는데요 정상인가요?','2019-08-28:10:12:11','true','false',null),
(22,19,'tester02','혹시 씨없는 수박도 판매되나요?','1234','씨없는 수박 구매하고 싶은데 혹시 판매되나 해서 문의드립니다.','2019-08-21:13:12:11','false','false',null),
(23,20,'tester03','제가 주문한수박이언제배송','1234','제가 저번주 일요일에 주문했는데 언제 배송되는지 알 수 있을까요?','2019-07-22:14:12:11','false','false',null),
(24,33,'tester01','참외가격 차이가 많이나요','1234','참외 가격 차이가 많이 나네요 왜 그런건가요?','2019-07-23:11:13:11','false','false',null),
(25,20,'tester02','주문취소 부탁드립니다.','1234','제가 저번 월요일에 주문한 수박을 취소하고 싶습니다.','2019-07-23:15:12:11','true','false',null),
(26,38,'tester01','자두 언제쯤 배송될까요?','1234','자두 언제쯤 배송되는지 알고 싶습니다.','2019-07-24:14:12:11','true','false',null),
(27,20,'tester02','주문취소 부탁드립니다.','1234','제가 저번 월요일에 주문한 수박을 취소하고 싶습니다.','2019-07-24:17:27:11','true','false',null),
(28,8,'tester02','사이즈 문의 드립니다.','1234','깻잎사이즈가 더 작은 것이 있을까요?','2019-07-24:17:27:11','false','false',null),
(29,19,'tester01','오늘 출고 힙들겠죠?','1234','넘어서 당일 출고는 힘들까요?','2019-07-01:13:27:11','true','false',null),
(30,17,'tester01','주문취소 부탁드립니다.','1234','제가 저번 월요일에 주문한 상추를 취소하고 싶습니다.','2019-07-24:17:27:11','false','false',null),
(31,13,'tester01','양파 가격 차이가 많이 나네요','1234','양파가 가격차이가 이렇게나 나는 이유가 뭔가요?','2019-07-23:11:27:11','false','false',null),
(32,17,'tester02','상추 환불 또는 재배송 요청드립니다.','1234','상추 환불 또는 재배송 요청드립니다. 벌레가 많이 붙어있어서요','2019-07-24:17:27:11','false','false',null),
(33,33,'tester03','오배송 문의 드립니다.','1234','주문한 참외가 오배송된 것 같아 문의드립니다.','2019-07-24:17:27:11','false','false',null),
(34,38,'tester01','잘못 배송되었습니다. 확인부탁드립니다.','1234','주문한 자두가 참외로 잘못 배송되었습니다. 교환신청합니다.','2019-07-24:17:27:11','false','false',null),
(35,8,'tester02','제가 주문한 깻잎이 언제 배송되나요?','1234','제가 주문한 깻잎이 언제 배송되는지 궁금합니다.','2019-07-23:15:12:11','true','false',null),
(36,33,'tester01','오늘 주문한 참외가 출고될 수 있을까요?','1234','오늘 출고 될 수 있을지 문의드립니다.','2019-07-24:14:12:11','false','false',null),
(37,17,'tester02','주문취소 부탁드립니다.','1234','저번 월요일 주문을 취소하고 싶습니다.','2019-07-24:17:27:11','false','false',null),
(39,38,'tester01','오늘 출고 힙들겠죠?','1234','오늘 당일 출고는 힘들까요?','2019-07-19:14:27:11','false','false',null),
(40,8,'tester01','깻잎 재배송 원합니다.','1234','깻잎사이즈가 더 큰 것을 주문했습니다. 확인하고 재배송 부탁드려요','2019-07-24:17:27:11','false','false',null);


INSERT INTO question_answer VALUE
(1,'2019-08-29 12:23:14','아닙니다. 저희는 그나마 저렴하게 판매하고 있습니다.',1,'관리자','true',null),
(2,'2019-07-31 13:23:14','네 저희는 주문 접수즉시 배송처리 해드립니다^^',2,'관리자','false',null),
(3,'2019-07-31 14:20:12','네 저희는 주문 접수즉시 배송처리 해드립니다^^',3,'관리자','false',null),
(4,'2019-07-31 15:34:12','할인 쿠폰 적용시 가능합니다~',4,'관리자','false',null),
(5,'2019-07-31 16:36:15','네 냉장으로 해서 신선한 상태로 바로 배송합니다!',5,'관리자','false',null),
(6,'2019-07-31 17:22:17','문제가 있거나 자세한 문의는 저희 고객센터에 연락해주세요! 사진과 같이 알려주시면 감사하겠습니다.',6,'관리자','false',null),
(7,'2019-07-31 18:41:24','네 저희는 주문 접수즉시 배송처리 해드립니다^^',7,'관리자','false',null),
(8,'2019-07-31 19:27:44','확인 후 취소하겠습니다.',8,'관리자','false',null),
(9,'2019-07-31 20:22:34','저희는 A++급만 취급합니다.',9,'관리자','false',null),
(10,'2019-07-31 21:12:24','저희는 육우사육을 안하며, 취급도 하지 않습니다. 안심하세요~',10,'관리자','false',null),
(11,'2019-07-31 22:19:44','가능합니다. 위치는 고객센터 저희 주소 이용하시면 됩니다.',13,'관리자','false',null),
(12,'2019-07-31 23:32:14','곧 상품 준비중입니다. 죄송합니다.',15,'관리자','false',null),
(13,'2019-07-31 23:32:14','여러번 구매하심 어떠실까요~^^',16,'관리자','false',null),
(14,'2019-07-31 23:32:14','감사합니다~ 더욱더 좋은 서비스로 보답하겠습니다.',17,'관리자','false',null),
(15,'2019-07-31 23:32:14','곧 상품 준비중입니다. 죄송합니다.',18,'관리자','false',null),
(16,'2019-07-31 23:32:14','저희는 축사로 사육한답니다.^^',19,'관리자','false',null),
(17,'2019-07-31 23:32:14','네 저희는 주문 접수즉시 배송처리 해드립니다^^',20,'관리자','false',null),
(18, '2019-08-29:10:12:11', '안녕하세요 tester01님^^ 씨가 많이 없어도 당도가 높고 싱싱한 것이 저희 수박의 특징입니다. 안심하세요',21,'관리자','false',null),
(19, '2019-07-24:15:12:11', '안녕하세요 tester02님^^ 주문취소해 드렸습니다.',25,'관리자','false',null),
(20,'2019-07-26:14:12:11', '안녕하세요 tester01님^^ 고객님이 주문하신 자두는 출고되었습니다. 며칠안에 배송될 예정입니다.',26,'관리자','false',null),
(21,'2019-07-25:17:27:11', '안녕하세요 tester02님^^ 주문취소해 드렸습니다.',27,'관리자','false',null),
(22,'2019-07-04:13:27:11', '안녕하세요 tester01님^^ 당일출고는 힘들 것 같습니다. 죄송합니다.',29,'관리자','false',null),
(23,'2019-07-27:15:12:11', '안녕하세요 tester02님^^ 당일출고는 힘들 것 같습니다. 죄송합니다.',35,'관리자','false',null);


INSERT INTO notice_board VALUE
(1,'2019 4월 신용카드 무이자(부분 무이자) 할부 안내', 4, '관리자', '2019-04-05','2019-04-05', '안녕하세요<strong>슈퍼팜</strong>입니다.
</br>2019년 4월 신용카드 무이자(부분 무이자) 행사 안내해 드립니다.</br></br>※ 내용 및 기간 </br></br> ◈ 기간 : 2019.04.01 ~ 04.31</br></br>
1.삼성카드</br>-전체 무이자 : 5만원이상 2~5개월 무이자</br>-부분 무이자 : 5만원이상 6개월(1회차 고객부담)/10개월(1,2,회차 고객부담)
/12개월(1,2,3회차 고객부담)</br></br>2.현대카드</br>-전체 무이자 : 5만원이상 2~5개월 무이자</br></br>3.롯데카드</br>-무이자 제공 없음</br></br>
4.하나카드((구)하나SK, (구)외환)</br>-무이자 제공 없음</br></br>5.BC카드</br>-전체무이자: 5만원이상 2~6개월 무이자</br>
-부분무이자: 5만원이상 7~10개월(1,2회차 고객부담)/11~12개월(1,2,3회차 고객부담)</br></br>6.신한카드</br>-전체무이자: 5만원이상 2~5개월 무이자
</br></br>7.KB국민카드</br>-전체무이자: 5만원이상 2~6개월 무이자</br></br>8.NH농협카드</br>-전체무이자: 5만원이상 2~6개월 무이자</br>',
null, 'false', 1),

(2,'2019년 3월 우수 후기 당첨자 공지', 4, '관리자', '2019-04-20','2019-04-20', '안녕하세요 <strong>슈퍼팜</strong>입니다.
</br>2019년 7월 한 달간 사용 후기를 남겨주신 회원님들 중에 우수 후기 당첨자 5명을 다음과 같이 공지합니다.</br></br></br>
-2019/03/16 김철수(rlacjftn)</br></br>-2019/03/24 김영희(yonghui)</br></br>-2019/03/30 홍아림(dkfla33)</br></br>
-2019/03/31 박정순(jungsun66)</br></br></br>이상 4명에게 추가 적립금 1만원을 적립해 드렸습니다.</br>즐거운 하루 되시고 6월에도
 회원님들의 많은 참여 바랍니다.', null, 'false', 1),

(3,'2019년 4월 우수 후기 당첨자 공지', 4, '관리자', '2019-05-20','2019-05-20', '안녕하세요 <strong>슈퍼팜</strong>입니다.
</br>2019년 7월 한 달간 사용 후기를 남겨주신 회원님들 중에 우수 후기 당첨자 5명을 다음과 같이 공지합니다.</br></br></br>
-2019/04/16 김철수(rlacjftn)</br></br>-2019/04/24 김영희(yonghui)</br></br>-2019/04/30 홍아림(dkfla33)</br></br>
-2019/04/31 박정순(jungsun66)</br></br></br>이상 4명에게 추가 적립금 1만원을 적립해 드렸습니다.</br>즐거운 하루 되시고
 6월에도 회원님들의 많은 참여 바랍니다.', null, 'false', 1),

(4,'2019년 5월 우수 후기 당첨자 공지', 4, '관리자', '2019-06-21','2019-06-21', '안녕하세요 <strong>슈퍼팜</strong>입니다.
</br>2019년 7월 한 달간 사용 후기를 남겨주신 회원님들 중에 우수 후기 당첨자 5명을 다음과 같이 공지합니다.</br></br></br>
-2019/05/16 김철수(rlacjftn)</br></br>-2019/05/24 김영희(yonghui)</br></br>-2019/05/30 홍아림(dkfla33)</br></br>
-2019/05/31 박정순(jungsun66)</br></br></br>이상 4명에게 추가 적립금 1만원을 적립해 드렸습니다.</br>즐거운 하루 되시고
6월에도 회원님들의 많은 참여 바랍니다.', null, 'false', 1),

(5,'2019 6월 신용카드 무이자(부분 무이자) 할부 안내', 4, '관리자', '2019-06-05','2019-06-05', '안녕하세요 <strong>슈퍼팜</strong>입니다.
</br>2019년 6월 신용카드 무이자(부분 무이자) 행사 안내해 드립니다.</br></br>※ 내용 및 기간 </br></br> ◈ 기간 : 2019.06.01 ~ 06.31
</br></br>1.삼성카드</br>-전체 무이자 : 5만원이상 2~5개월 무이자</br>-부분 무이자 : 5만원이상 6개월(1회차 고객부담)
/10개월(1,2,회차 고객부담)/12개월(1,2,3회차 고객부담)</br></br>2.현대카드</br>-전체 무이자 : 5만원이상 2~5개월 무이자</br></br>
3.롯데카드</br>-무이자 제공 없음</br></br>4.하나카드((구)하나SK, (구)외환)</br>-무이자 제공 없음</br></br>
5.BC카드</br>-전체무이자: 5만원이상 2~6개월 무이자</br>-부분무이자: 5만원이상 7~10개월(1,2회차 고객부담)/11~12개월(1,2,3회차 고객부담)
</br></br>6.신한카드</br>-전체무이자: 5만원이상 2~5개월 무이자</br></br>7.KB국민카드</br>-전체무이자: 5만원이상 2~6개월 무이자</br></br>
8.NH농협카드</br>-전체무이자: 5만원이상 2~6개월 무이자</br>', null, 'false', 1),

(6,'2019 6월 우수 후기 당첨자 공지', 4, '관리자', '2019-07-10','2019-07-10', '안녕하세요 <strong>슈퍼팜</strong>입니다.</br>
2019년 7월 한 달간 사용 후기를 남겨주신 회원님들 중에 우수 후기 당첨자 5명을 다음과 같이 공지합니다.</br></br></br>
-2019/06/16 김철수(rlacjftn)</br></br>-2019/06/24 김영희(yonghui)</br></br>-2019/06/30 홍아림(dkfla33)</br></br>
-2019/06/31 박정순(jungsun66)</br></br></br>이상 4명에게 추가 적립금 1만원을 적립해 드렸습니다.</br>즐거운 하루 되시고 6월에도 회원님들의
많은 참여 바랍니다.', null, 'false', 1),

(7,'2019 7월 신용카드 무이자(부분 무이자) 할부 안내', 4, '관리자', '2019-07-05','2019-07-05', '안녕하세요 <strong>슈퍼팜</strong>입니다.</br>
2019년 2월 신용카드 무이자(부분 무이자) 행사 안내해 드립니다.</br></br>※ 내용 및 기간 </br></br> ◈ 기간 : 2019.07.01 ~ 07.31</br></br>
1.삼성카드</br>-전체 무이자 : 5만원이상 2~5개월 무이자</br>-부분 무이자 : 5만원이상 6개월(1회차 고객부담)/10개월(1,2,회차 고객부담)
/12개월(1,2,3회차 고객부담)</br></br>2.현대카드</br>-전체 무이자 : 5만원이상 2~5개월 무이자</br></br>3.롯데카드</br>-무이자 제공 없음
</br></br>4.하나카드((구)하나SK, (구)외환)</br>-무이자 제공 없음</br></br>5.BC카드</br>-전체무이자: 5만원이상 2~6개월 무이자</br>
-부분무이자: 5만원이상 7~10개월(1,2회차 고객부담)/11~12개월(1,2,3회차 고객부담)</br></br>6.신한카드</br>-전체무이자: 5만원이상 2~5개월 무이자
</br></br>7.KB국민카드</br>-전체무이자: 5만원이상 2~6개월 무이자</br></br>8.NH농협카드</br>-전체무이자: 5만원이상 2~6개월 무이자</br>',
null, 'false', 1),

(8,'2019년 7월 우수 후기 당첨자 공지', 4, '관리자', '2019-08-05','2019-08-05', '안녕하세요 <strong>슈퍼팜</strong>입니다.</br>
2019년 7월 한 달간 사용 후기를 남겨주신 회원님들 중에 우수 후기 당첨자 5명을 다음과 같이 공지합니다.</br></br></br>
-2019/07/16 김철수(rlacjftn)</br></br>-2019/07/24 김영희(yonghui)</br></br>-2019/07/30 홍아림(dkfla33)</br></br>
-2019/07/31 박정순(jungsun66)</br></br></br>이상 4명에게 추가 적립금 1만원을 적립해 드렸습니다.</br>즐거운 하루 되시고 7월에도
회원님들의 많은 참여 바랍니다.', null, 'false', 1),

(9,'2019 8월 신용카드 무이자(부분 무이자) 할부 안내', 4, '관리자', '2019-08-07','2019-08-07', '안녕하세요 <strong>슈퍼팜</strong>입니다.
</br>2019년 2월 신용카드 무이자(부분 무이자) 행사 안내해 드립니다.</br></br>※ 내용 및 기간 </br></br> ◈ 기간 : 2019.08.01 ~ 08.31</br></br>
1.삼성카드</br>-전체 무이자 : 5만원이상 2~5개월 무이자</br>-부분 무이자 : 5만원이상 6개월(1회차 고객부담)/10개월(1,2,회차 고객부담)
/12개월(1,2,3회차 고객부담)</br></br>2.현대카드</br>-전체 무이자 : 5만원이상 2~5개월 무이자</br></br>3.롯데카드</br>-무이자 제공 없음
</br></br>4.하나카드((구)하나SK, (구)외환)</br>-무이자 제공 없음</br></br>5.BC카드</br>-전체무이자: 5만원이상 2~6개월 무이자</br>
-부분무이자: 5만원이상 7~10개월(1,2회차 고객부담)/11~12개월(1,2,3회차 고객부담)</br></br>6.신한카드</br>-전체무이자: 5만원이상 2~5개월 무이자</br></br>
7.KB국민카드</br>-전체무이자: 5만원이상 2~6개월 무이자</br></br>8.NH농협카드</br>-전체무이자: 5만원이상 2~6개월 무이자</br>',null,'false', 1),

(10,'2019 추석 선물 배송 마감일 안내', 4, '관리자', '2019-08-20','2019-08-20', '안녕하세요 <strong>슈퍼팜</strong> 입니다.</br></br></br>
금년 설날 전 택배 접수는 9월 2일 낮12시에 마감될 예정입니다.</br></br></br>1월 31일 낮 12시 이후 주문 건부터는 추석연휴가 끝난 후 일괄적으로 9월 5일날
발송되어 다음날인 9월 6일(금)날 받아 보실 수 있으니 이점 참고해 주시기 바랍니다.</br></br></br></br>※8월 25일부터 9월 2일까지는 배송 물량 폭주 기간이라
발송 및 배송이 지연될 수 있습니다.</br></br></br>※천재지변 및 기타 택배사 사정으로 인해 배송이 지연될 수 있으며 배송이 지연될 수 있으며 배송이 지연될 경우에는
 냉동제품의 경우 택배사 냉동창고에 보관되었다가 배송이 됩니다.</br></br></br>온 가정에 항상 행복한 일들만 가득 하십시오~ 감사합니다.',
 './././public/images/tangerin.png', 'false', 1);


INSERT INTO faq_board VALUE
(1, 4, '[결제]입금 후 따로 연락을 해야 하나요?', '입금을 하신 후 게시판 및 고객센터로 따로 연락을 하지 않으셔도 됩니다.</br>
저희가 수시로 입금확인을 하고 있으니 연락을 주지 않으셔도 정상적으로 발송작업이 이루어집니다.</br></br>단, 주문서 작성을
먼저 완료하신 후 입금을 하셔야 합니다. ', '2019-03-26', '2019-03-26', null, 'false'),

(2, 4, '[결제]결제 시 현금결제와 카드 결제 중 무엇을 선택해야 할까요?', '결제방법의 선택은 고객님의 편의에 따라 선택하시면 되며 현금결제의
 경우 결제액의 1%가 추가 적립이 되고(회원가입 시) 현금 영수증 발행 또는 손쉽게 하실 수 있습니다.</br></br>현금영수증 발행은 주문서 작성 시
 결제방법을 선택할 때 현금영수증을 신청하시거나 주문 완료 후 주문 조회 및 마이페이지 메뉴에서 주문 상세 보기를 하신 후 현금영수증 요청 버튼을
 누르고 인적사항을 입력하셔서 요청하시면 됩니다.</br></br>카드 결제의 경우 일부 카드사에 대하여 신용카드 무이자 할부 이벤트가 매달 진행중이며
 확인은 결제방법 선택 창에서 하실 수 있습니다. ', '2019-04-25', '2019-04-25', null, 'false'),

(3, 4, '[결제]현금영수증 신청은 어떻게 하나요?', '영수증 발행은 주문서 작성 시 결제방법을 선택할 때 현금영수증을 신청하거나 주문 완료 후
주문 조회 및 마이페이지 메뉴에서 주문 상세 보기를 하신 후 현금영수증 요청 버튼을 누르고 인적사항을 입력하셔서 요청하시면 됩니다.</br></br>
현금영수증 확인은 국세청 홈페이지에서 발급 후 1일 후에 확인 가능합니다. ', '2019-05-24', '2019-05-24', null, 'false'),

(4, 4, '[배송]군부대 및 섬지역에도 배송이 가능할까요?', '우편물이 배달 가능한 지역이면 가능하며 추가 비용 없이 무료로 보내드리고 있습니다.
</br></br>단, 신선도를 유지하여야 하는 제품이 경우 배송이 불가할 수도 있습니다. 반드시 CJ대한통운 고객센터로 배달 가능 여부를 확인 후
주문해 주시기 바랍니다. ', '2019-07-25', '2019-07-25', null, 'false'),

(5, 4, '[배송]오늘 주문하면 언제 받을 수 있나요?', '토요일 및 공휴일을 제외한 모든 요일 낮 12시 이전 결제 완료 주문 건에 한하여 당일 발송되어
다음날(월~토) 받아 보실 수 있습니다.(1일 소요)</br>낮 12시 이후 주문 건은 다음날 발송되어 그 다음날 받아 보실 수 있습니다.</br></br>
단, 금요일 낮 12시 이후 주문부터 토요일까지의 주문은 제품의 선도 유지 및 택배사의 휴무일인 관계로 휴일 전 발송이 불가하여 일요일에 발송되어
 월요일에 받아 보실 수 있습니다. ', '2019-07-25', '2019-07-25', null, 'false'),

(6, 4, '[배송]도착시간을 알 수 있나요? 원하는 시간에 받아 볼 수 있을까요?', '배송은 택배사에서 하기 때문에 저희도 도착시간을 알 수 가 없으며
원하시는 시간을 맞춰 보내 드릴 수는 없습니다.</br></br>다만 도착 예정일에 저희 홈페이지 마이페이지 메뉴를 이용하여 주문 조회 및 배송 현황 조회를
하셔서 해당 지역 CJ대한통운 지점에 연락을 하시고 CJ대한통운 직원 및 택배기사님과 통화를 하시면 대략적인 도착 시간을 알 수가 있으실 겁니다.
</br></br>※원하시는 날짜에 맞춰 보내 드릴 수는 있습니다.(배송이 가능한 날짜에 한하여) 주문서 작성 시 배송 메세지란에 원하시는 날짜를 기재를 하시고
 주문을 하시면 저희가 주문서 확인 작업 시 확인을 하여 원하시는 날짜에 받아 보실 수 있게 보내 드리고 있습니다. ', '2019-07-25', '2019-07-25',
 null, 'false'),

(7, 4, '[배송]해외로도 배송이 가능한가요?', 'CJ대한통운 택배 EMS를 이용하여 배송이 가능하며 주문 전 CJ대한 통운 고객센터로 배송가능 여부와, 배송비 소요 기간등을
문의하시기 바랍니다.</br></br>※신선도 유지가 필요한 제품의 경우 배송이 불가할 수도 있으며 해외배송의 경우 배송비는 고객님 부담이고 배송비는 중량 및 부피에 따라
다르니 CJ대한통운 택배와의 통화 시 문의하시기 바립니다.', '2019-08-02', '2019-08-02', null, 'false');


INSERT INTO month_selling VALUES
(	1	,	'	2018-01-01	'	,	52	,	5	)	,
(	2	,	'	2018-01-02	'	,	67	,	6	)	,
(	3	,	'	2018-01-03	'	,	93	,	7	)	,
(	4	,	'	2018-01-04	'	,	13	,	4	)	,
(	5	,	'	2018-01-05	'	,	23	,	7	)	,
(	6	,	'	2018-01-06	'	,	63	,	6	)	,
(	7	,	'	2018-01-07	'	,	82	,	2	)	,
(	8	,	'	2018-01-08	'	,	79	,	3	)	,
(	9	,	'	2018-01-09	'	,	80	,	8	)	,
(	10	,	'	2018-01-10	'	,	23	,	8	)	,
(	11	,	'	2018-01-11	'	,	54	,	9	)	,
(	12	,	'	2018-01-12	'	,	22	,	7	)	,
(	13	,	'	2018-01-13	'	,	66	,	8	)	,
(	14	,	'	2018-01-14	'	,	61	,	6	)	,
(	15	,	'	2018-01-15	'	,	85	,	10	)	,
(	16	,	'	2018-01-16	'	,	67	,	8	)	,
(	17	,	'	2018-01-17	'	,	96	,	7	)	,
(	18	,	'	2018-01-18	'	,	35	,	2	)	,
(	19	,	'	2018-01-19	'	,	87	,	5	)	,
(	20	,	'	2018-01-20	'	,	50	,	9	)	,
(	21	,	'	2018-01-21	'	,	6	,	7	)	,
(	22	,	'	2018-01-22	'	,	41	,	6	)	,
(	23	,	'	2018-01-23	'	,	100	,	5	)	,
(	24	,	'	2018-01-24	'	,	23	,	8	)	,
(	25	,	'	2018-01-25	'	,	72	,	6	)	,
(	26	,	'	2018-01-26	'	,	37	,	2	)	,
(	27	,	'	2018-01-27	'	,	72	,	5	)	,
(	28	,	'	2018-01-28	'	,	86	,	7	)	,
(	29	,	'	2018-01-29	'	,	26	,	5	)	,
(	30	,	'	2018-01-30	'	,	35	,	10	)	,
(	31	,	'	2018-01-31	'	,	17	,	8	)	,
(	32	,	'	2018-02-01	'	,	63	,	6	)	,
(	33	,	'	2018-02-02	'	,	71	,	3	)	,
(	34	,	'	2018-02-03	'	,	95	,	2	)	,
(	35	,	'	2018-02-04	'	,	50	,	1	)	,
(	36	,	'	2018-02-05	'	,	40	,	2	)	,
(	37	,	'	2018-02-06	'	,	53	,	1	)	,
(	38	,	'	2018-02-07	'	,	65	,	2	)	,
(	39	,	'	2018-02-08	'	,	37	,	3	)	,
(	40	,	'	2018-02-09	'	,	40	,	10	)	,
(	41	,	'	2018-02-10	'	,	1	,	9	)	,
(	42	,	'	2018-02-11	'	,	98	,	3	)	,
(	43	,	'	2018-02-12	'	,	28	,	10	)	,
(	44	,	'	2018-02-13	'	,	93	,	7	)	,
(	45	,	'	2018-02-14	'	,	89	,	4	)	,
(	46	,	'	2018-02-15	'	,	64	,	2	)	,
(	47	,	'	2018-02-16	'	,	74	,	8	)	,
(	48	,	'	2018-02-17	'	,	39	,	9	)	,
(	49	,	'	2018-02-18	'	,	30	,	4	)	,
(	50	,	'	2018-02-19	'	,	88	,	7	)	,
(	51	,	'	2018-02-20	'	,	87	,	5	)	,
(	52	,	'	2018-02-21	'	,	32	,	10	)	,
(	53	,	'	2018-02-22	'	,	88	,	8	)	,
(	54	,	'	2018-02-23	'	,	25	,	3	)	,
(	55	,	'	2018-02-24	'	,	46	,	1	)	,
(	56	,	'	2018-02-25	'	,	18	,	4	)	,
(	57	,	'	2018-02-26	'	,	51	,	8	)	,
(	58	,	'	2018-02-27	'	,	4	,	9	)	,
(	59	,	'	2018-02-28	'	,	58	,	7	)	,
(	60	,	'	2018-03-01	'	,	24	,	6	)	,
(	61	,	'	2018-03-02	'	,	8	,	2	)	,
(	62	,	'	2018-03-03	'	,	97	,	5	)	,
(	63	,	'	2018-03-04	'	,	23	,	6	)	,
(	64	,	'	2018-03-05	'	,	73	,	8	)	,
(	65	,	'	2018-03-06	'	,	11	,	6	)	,
(	66	,	'	2018-03-07	'	,	8	,	4	)	,
(	67	,	'	2018-03-08	'	,	33	,	9	)	,
(	68	,	'	2018-03-09	'	,	13	,	5	)	,
(	69	,	'	2018-03-10	'	,	62	,	5	)	,
(	70	,	'	2018-03-11	'	,	63	,	5	)	,
(	71	,	'	2018-03-12	'	,	50	,	6	)	,
(	72	,	'	2018-03-13	'	,	42	,	6	)	,
(	73	,	'	2018-03-14	'	,	28	,	9	)	,
(	74	,	'	2018-03-15	'	,	28	,	1	)	,
(	75	,	'	2018-03-16	'	,	84	,	8	)	,
(	76	,	'	2018-03-17	'	,	29	,	1	)	,
(	77	,	'	2018-03-18	'	,	87	,	1	)	,
(	78	,	'	2018-03-19	'	,	21	,	7	)	,
(	79	,	'	2018-03-20	'	,	78	,	3	)	,
(	80	,	'	2018-03-21	'	,	47	,	10	)	,
(	81	,	'	2018-03-22	'	,	17	,	5	)	,
(	82	,	'	2018-03-23	'	,	87	,	4	)	,
(	83	,	'	2018-03-24	'	,	49	,	5	)	,
(	84	,	'	2018-03-25	'	,	16	,	3	)	,
(	85	,	'	2018-03-26	'	,	11	,	1	)	,
(	86	,	'	2018-03-27	'	,	91	,	8	)	,
(	87	,	'	2018-03-28	'	,	58	,	1	)	,
(	88	,	'	2018-03-29	'	,	43	,	3	)	,
(	89	,	'	2018-03-30	'	,	3	,	10	)	,
(	90	,	'	2018-03-31	'	,	29	,	8	)	,
(	91	,	'	2018-04-01	'	,	73	,	8	)	,
(	92	,	'	2018-04-02	'	,	50	,	2	)	,
(	93	,	'	2018-04-03	'	,	68	,	9	)	,
(	94	,	'	2018-04-04	'	,	92	,	10	)	,
(	95	,	'	2018-04-05	'	,	94	,	5	)	,
(	96	,	'	2018-04-06	'	,	73	,	2	)	,
(	97	,	'	2018-04-07	'	,	15	,	7	)	,
(	98	,	'	2018-04-08	'	,	88	,	6	)	,
(	99	,	'	2018-04-09	'	,	48	,	4	)	,
(	100	,	'	2018-04-10	'	,	10	,	2	)	,
(	101	,	'	2018-04-11	'	,	61	,	3	)	,
(	102	,	'	2018-04-12	'	,	63	,	2	)	,
(	103	,	'	2018-04-13	'	,	98	,	9	)	,
(	104	,	'	2018-04-14	'	,	8	,	2	)	,
(	105	,	'	2018-04-15	'	,	49	,	9	)	,
(	106	,	'	2018-04-16	'	,	97	,	9	)	,
(	107	,	'	2018-04-17	'	,	57	,	3	)	,
(	108	,	'	2018-04-18	'	,	57	,	1	)	,
(	109	,	'	2018-04-19	'	,	79	,	7	)	,
(	110	,	'	2018-04-20	'	,	96	,	6	)	,
(	111	,	'	2018-04-21	'	,	52	,	7	)	,
(	112	,	'	2018-04-22	'	,	56	,	10	)	,
(	113	,	'	2018-04-23	'	,	4	,	1	)	,
(	114	,	'	2018-04-24	'	,	61	,	7	)	,
(	115	,	'	2018-04-25	'	,	21	,	10	)	,
(	116	,	'	2018-04-26	'	,	14	,	9	)	,
(	117	,	'	2018-04-27	'	,	69	,	1	)	,
(	118	,	'	2018-04-28	'	,	37	,	3	)	,
(	119	,	'	2018-04-29	'	,	8	,	9	)	,
(	120	,	'	2018-04-30	'	,	55	,	10	)	,
(	121	,	'	2018-05-01	'	,	40	,	7	)	,
(	122	,	'	2018-05-02	'	,	12	,	4	)	,
(	123	,	'	2018-05-03	'	,	86	,	10	)	,
(	124	,	'	2018-05-04	'	,	25	,	10	)	,
(	125	,	'	2018-05-05	'	,	75	,	2	)	,
(	126	,	'	2018-05-06	'	,	73	,	7	)	,
(	127	,	'	2018-05-07	'	,	36	,	4	)	,
(	128	,	'	2018-05-08	'	,	30	,	2	)	,
(	129	,	'	2018-05-09	'	,	71	,	7	)	,
(	130	,	'	2018-05-10	'	,	3	,	8	)	,
(	131	,	'	2018-05-11	'	,	74	,	7	)	,
(	132	,	'	2018-05-12	'	,	51	,	4	)	,
(	133	,	'	2018-05-13	'	,	49	,	4	)	,
(	134	,	'	2018-05-14	'	,	65	,	3	)	,
(	135	,	'	2018-05-15	'	,	52	,	8	)	,
(	136	,	'	2018-05-16	'	,	43	,	5	)	,
(	137	,	'	2018-05-17	'	,	96	,	1	)	,
(	138	,	'	2018-05-18	'	,	61	,	1	)	,
(	139	,	'	2018-05-19	'	,	30	,	8	)	,
(	140	,	'	2018-05-20	'	,	83	,	9	)	,
(	141	,	'	2018-05-21	'	,	84	,	5	)	,
(	142	,	'	2018-05-22	'	,	51	,	8	)	,
(	143	,	'	2018-05-23	'	,	47	,	4	)	,
(	144	,	'	2018-05-24	'	,	87	,	2	)	,
(	145	,	'	2018-05-25	'	,	39	,	1	)	,
(	146	,	'	2018-05-26	'	,	37	,	2	)	,
(	147	,	'	2018-05-27	'	,	27	,	5	)	,
(	148	,	'	2018-05-28	'	,	32	,	2	)	,
(	149	,	'	2018-05-29	'	,	54	,	5	)	,
(	150	,	'	2018-05-30	'	,	5	,	6	)	,
(	151	,	'	2018-05-31	'	,	16	,	10	)	,
(	152	,	'	2018-06-01	'	,	26	,	8	)	,
(	153	,	'	2018-06-02	'	,	1	,	6	)	,
(	154	,	'	2018-06-03	'	,	42	,	3	)	,
(	155	,	'	2018-06-04	'	,	91	,	4	)	,
(	156	,	'	2018-06-05	'	,	9	,	8	)	,
(	157	,	'	2018-06-06	'	,	73	,	3	)	,
(	158	,	'	2018-06-07	'	,	77	,	1	)	,
(	159	,	'	2018-06-08	'	,	21	,	4	)	,
(	160	,	'	2018-06-09	'	,	59	,	4	)	,
(	161	,	'	2018-06-10	'	,	78	,	3	)	,
(	162	,	'	2018-06-11	'	,	95	,	10	)	,
(	163	,	'	2018-06-12	'	,	41	,	7	)	,
(	164	,	'	2018-06-13	'	,	32	,	9	)	,
(	165	,	'	2018-06-14	'	,	64	,	5	)	,
(	166	,	'	2018-06-15	'	,	0	,	4	)	,
(	167	,	'	2018-06-16	'	,	97	,	3	)	,
(	168	,	'	2018-06-17	'	,	19	,	7	)	,
(	169	,	'	2018-06-18	'	,	46	,	4	)	,
(	170	,	'	2018-06-19	'	,	67	,	1	)	,
(	171	,	'	2018-06-20	'	,	11	,	7	)	,
(	172	,	'	2018-06-21	'	,	2	,	8	)	,
(	173	,	'	2018-06-22	'	,	76	,	3	)	,
(	174	,	'	2018-06-23	'	,	72	,	7	)	,
(	175	,	'	2018-06-24	'	,	25	,	10	)	,
(	176	,	'	2018-06-25	'	,	21	,	1	)	,
(	177	,	'	2018-06-26	'	,	24	,	6	)	,
(	178	,	'	2018-06-27	'	,	0	,	8	)	,
(	179	,	'	2018-06-28	'	,	38	,	3	)	,
(	180	,	'	2018-06-29	'	,	28	,	6	)	,
(	181	,	'	2018-06-30	'	,	38	,	8	)	,
(	182	,	'	2018-07-01	'	,	59	,	1	)	,
(	183	,	'	2018-07-02	'	,	80	,	3	)	,
(	184	,	'	2018-07-03	'	,	37	,	1	)	,
(	185	,	'	2018-07-04	'	,	65	,	5	)	,
(	186	,	'	2018-07-05	'	,	27	,	5	)	,
(	187	,	'	2018-07-06	'	,	89	,	5	)	,
(	188	,	'	2018-07-07	'	,	6	,	5	)	,
(	189	,	'	2018-07-08	'	,	76	,	5	)	,
(	190	,	'	2018-07-09	'	,	1	,	8	)	,
(	191	,	'	2018-07-10	'	,	10	,	7	)	,
(	192	,	'	2018-07-11	'	,	61	,	1	)	,
(	193	,	'	2018-07-12	'	,	26	,	5	)	,
(	194	,	'	2018-07-13	'	,	99	,	7	)	,
(	195	,	'	2018-07-14	'	,	2	,	6	)	,
(	196	,	'	2018-07-15	'	,	49	,	8	)	,
(	197	,	'	2018-07-16	'	,	93	,	9	)	,
(	198	,	'	2018-07-17	'	,	68	,	3	)	,
(	199	,	'	2018-07-18	'	,	20	,	3	)	,
(	200	,	'	2018-07-19	'	,	51	,	5	)	,
(	201	,	'	2018-07-20	'	,	35	,	2	)	,
(	202	,	'	2018-07-21	'	,	19	,	4	)	,
(	203	,	'	2018-07-22	'	,	3	,	9	)	,
(	204	,	'	2018-07-23	'	,	38	,	8	)	,
(	205	,	'	2018-07-24	'	,	56	,	5	)	,
(	206	,	'	2018-07-25	'	,	16	,	2	)	,
(	207	,	'	2018-07-26	'	,	89	,	6	)	,
(	208	,	'	2018-07-27	'	,	7	,	5	)	,
(	209	,	'	2018-07-28	'	,	73	,	3	)	,
(	210	,	'	2018-07-29	'	,	92	,	7	)	,
(	211	,	'	2018-07-30	'	,	80	,	3	)	,
(	212	,	'	2018-07-31	'	,	98	,	1	)	,
(	213	,	'	2018-08-01	'	,	3	,	5	)	,
(	214	,	'	2018-08-02	'	,	79	,	8	)	,
(	215	,	'	2018-08-03	'	,	78	,	8	)	,
(	216	,	'	2018-08-04	'	,	2	,	4	)	,
(	217	,	'	2018-08-05	'	,	7	,	6	)	,
(	218	,	'	2018-08-06	'	,	5	,	4	)	,
(	219	,	'	2018-08-07	'	,	71	,	6	)	,
(	220	,	'	2018-08-08	'	,	33	,	9	)	,
(	221	,	'	2018-08-09	'	,	48	,	10	)	,
(	222	,	'	2018-08-10	'	,	34	,	4	)	,
(	223	,	'	2018-08-11	'	,	40	,	6	)	,
(	224	,	'	2018-08-12	'	,	64	,	5	)	,
(	225	,	'	2018-08-13	'	,	25	,	5	)	,
(	226	,	'	2018-08-14	'	,	85	,	1	)	,
(	227	,	'	2018-08-15	'	,	77	,	3	)	,
(	228	,	'	2018-08-16	'	,	99	,	4	)	,
(	229	,	'	2018-08-17	'	,	49	,	6	)	,
(	230	,	'	2018-08-18	'	,	67	,	6	)	,
(	231	,	'	2018-08-19	'	,	64	,	5	)	,
(	232	,	'	2018-08-20	'	,	70	,	1	)	,
(	233	,	'	2018-08-21	'	,	47	,	1	)	,
(	234	,	'	2018-08-22	'	,	11	,	7	)	,
(	235	,	'	2018-08-23	'	,	83	,	3	)	,
(	236	,	'	2018-08-24	'	,	26	,	6	)	,
(	237	,	'	2018-08-25	'	,	34	,	5	)	,
(	238	,	'	2018-08-26	'	,	99	,	8	)	,
(	239	,	'	2018-08-27	'	,	41	,	5	)	,
(	240	,	'	2018-08-28	'	,	13	,	6	)	,
(	241	,	'	2018-08-29	'	,	84	,	8	)	,
(	242	,	'	2018-08-30	'	,	2	,	3	)	,
(	243	,	'	2018-08-31	'	,	15	,	7	)	,
(	244	,	'	2018-09-01	'	,	51	,	1	)	,
(	245	,	'	2018-09-02	'	,	94	,	4	)	,
(	246	,	'	2018-09-03	'	,	64	,	2	)	,
(	247	,	'	2018-09-04	'	,	86	,	5	)	,
(	248	,	'	2018-09-05	'	,	6	,	2	)	,
(	249	,	'	2018-09-06	'	,	30	,	1	)	,
(	250	,	'	2018-09-07	'	,	78	,	5	)	,
(	251	,	'	2018-09-08	'	,	28	,	3	)	,
(	252	,	'	2018-09-09	'	,	9	,	2	)	,
(	253	,	'	2018-09-10	'	,	95	,	9	)	,
(	254	,	'	2018-09-11	'	,	25	,	5	)	,
(	255	,	'	2018-09-12	'	,	79	,	3	)	,
(	256	,	'	2018-09-13	'	,	98	,	3	)	,
(	257	,	'	2018-09-14	'	,	30	,	2	)	,
(	258	,	'	2018-09-15	'	,	87	,	4	)	,
(	259	,	'	2018-09-16	'	,	46	,	6	)	,
(	260	,	'	2018-09-17	'	,	71	,	1	)	,
(	261	,	'	2018-09-18	'	,	74	,	8	)	,
(	262	,	'	2018-09-19	'	,	25	,	9	)	,
(	263	,	'	2018-09-20	'	,	24	,	2	)	,
(	264	,	'	2018-09-21	'	,	25	,	9	)	,
(	265	,	'	2018-09-22	'	,	78	,	9	)	,
(	266	,	'	2018-09-23	'	,	86	,	5	)	,
(	267	,	'	2018-09-24	'	,	5	,	6	)	,
(	268	,	'	2018-09-25	'	,	64	,	6	)	,
(	269	,	'	2018-09-26	'	,	32	,	1	)	,
(	270	,	'	2018-09-27	'	,	76	,	6	)	,
(	271	,	'	2018-09-28	'	,	26	,	8	)	,
(	272	,	'	2018-09-29	'	,	79	,	8	)	,
(	273	,	'	2018-09-30	'	,	31	,	3	)	,
(	274	,	'	2018-10-01	'	,	46	,	3	)	,
(	275	,	'	2018-10-02	'	,	17	,	4	)	,
(	276	,	'	2018-10-03	'	,	54	,	9	)	,
(	277	,	'	2018-10-04	'	,	86	,	5	)	,
(	278	,	'	2018-10-05	'	,	87	,	6	)	,
(	279	,	'	2018-10-06	'	,	39	,	7	)	,
(	280	,	'	2018-10-07	'	,	61	,	10	)	,
(	281	,	'	2018-10-08	'	,	23	,	4	)	,
(	282	,	'	2018-10-09	'	,	34	,	4	)	,
(	283	,	'	2018-10-10	'	,	72	,	3	)	,
(	284	,	'	2018-10-11	'	,	88	,	9	)	,
(	285	,	'	2018-10-12	'	,	55	,	5	)	,
(	286	,	'	2018-10-13	'	,	60	,	3	)	,
(	287	,	'	2018-10-14	'	,	22	,	7	)	,
(	288	,	'	2018-10-15	'	,	11	,	9	)	,
(	289	,	'	2018-10-16	'	,	60	,	3	)	,
(	290	,	'	2018-10-17	'	,	100	,	6	)	,
(	291	,	'	2018-10-18	'	,	100	,	10	)	,
(	292	,	'	2018-10-19	'	,	29	,	8	)	,
(	293	,	'	2018-10-20	'	,	7	,	7	)	,
(	294	,	'	2018-10-21	'	,	16	,	7	)	,
(	295	,	'	2018-10-22	'	,	91	,	6	)	,
(	296	,	'	2018-10-23	'	,	7	,	6	)	,
(	297	,	'	2018-10-24	'	,	97	,	6	)	,
(	298	,	'	2018-10-25	'	,	62	,	9	)	,
(	299	,	'	2018-10-26	'	,	19	,	1	)	,
(	300	,	'	2018-10-27	'	,	1	,	1	)	,
(	301	,	'	2018-10-28	'	,	79	,	4	)	,
(	302	,	'	2018-10-29	'	,	82	,	8	)	,
(	303	,	'	2018-10-30	'	,	58	,	6	)	,
(	304	,	'	2018-10-31	'	,	13	,	3	)	,
(	305	,	'	2018-11-01	'	,	93	,	1	)	,
(	306	,	'	2018-11-02	'	,	27	,	4	)	,
(	307	,	'	2018-11-03	'	,	44	,	5	)	,
(	308	,	'	2018-11-04	'	,	85	,	6	)	,
(	309	,	'	2018-11-05	'	,	95	,	8	)	,
(	310	,	'	2018-11-06	'	,	77	,	1	)	,
(	311	,	'	2018-11-07	'	,	28	,	10	)	,
(	312	,	'	2018-11-08	'	,	94	,	3	)	,
(	313	,	'	2018-11-09	'	,	99	,	9	)	,
(	314	,	'	2018-11-10	'	,	95	,	9	)	,
(	315	,	'	2018-11-11	'	,	21	,	5	)	,
(	316	,	'	2018-11-12	'	,	66	,	2	)	,
(	317	,	'	2018-11-13	'	,	73	,	3	)	,
(	318	,	'	2018-11-14	'	,	24	,	7	)	,
(	319	,	'	2018-11-15	'	,	63	,	8	)	,
(	320	,	'	2018-11-16	'	,	14	,	3	)	,
(	321	,	'	2018-11-17	'	,	69	,	4	)	,
(	322	,	'	2018-11-18	'	,	38	,	1	)	,
(	323	,	'	2018-11-19	'	,	44	,	6	)	,
(	324	,	'	2018-11-20	'	,	3	,	2	)	,
(	325	,	'	2018-11-21	'	,	68	,	5	)	,
(	326	,	'	2018-11-22	'	,	43	,	6	)	,
(	327	,	'	2018-11-23	'	,	95	,	7	)	,
(	328	,	'	2018-11-24	'	,	90	,	8	)	,
(	329	,	'	2018-11-25	'	,	85	,	10	)	,
(	330	,	'	2018-11-26	'	,	87	,	4	)	,
(	331	,	'	2018-11-27	'	,	93	,	8	)	,
(	332	,	'	2018-11-28	'	,	38	,	3	)	,
(	333	,	'	2018-11-29	'	,	88	,	5	)	,
(	334	,	'	2018-11-30	'	,	31	,	5	)	,
(	335	,	'	2018-12-01	'	,	76	,	10	)	,
(	336	,	'	2018-12-02	'	,	71	,	2	)	,
(	337	,	'	2018-12-03	'	,	49	,	2	)	,
(	338	,	'	2018-12-04	'	,	85	,	3	)	,
(	339	,	'	2018-12-05	'	,	98	,	10	)	,
(	340	,	'	2018-12-06	'	,	96	,	4	)	,
(	341	,	'	2018-12-07	'	,	90	,	4	)	,
(	342	,	'	2018-12-08	'	,	100	,	5	)	,
(	343	,	'	2018-12-09	'	,	4	,	10	)	,
(	344	,	'	2018-12-10	'	,	97	,	1	)	,
(	345	,	'	2018-12-11	'	,	26	,	10	)	,
(	346	,	'	2018-12-12	'	,	45	,	7	)	,
(	347	,	'	2018-12-13	'	,	79	,	2	)	,
(	348	,	'	2018-12-14	'	,	67	,	7	)	,
(	349	,	'	2018-12-15	'	,	31	,	4	)	,
(	350	,	'	2018-12-16	'	,	23	,	9	)	,
(	351	,	'	2018-12-17	'	,	39	,	4	)	,
(	352	,	'	2018-12-18	'	,	6	,	9	)	,
(	353	,	'	2018-12-19	'	,	44	,	2	)	,
(	354	,	'	2018-12-20	'	,	46	,	9	)	,
(	355	,	'	2018-12-21	'	,	71	,	1	)	,
(	356	,	'	2018-12-22	'	,	93	,	7	)	,
(	357	,	'	2018-12-23	'	,	56	,	1	)	,
(	358	,	'	2018-12-24	'	,	53	,	5	)	,
(	359	,	'	2018-12-25	'	,	18	,	6	)	,
(	360	,	'	2018-12-26	'	,	41	,	3	)	,
(	361	,	'	2018-12-27	'	,	33	,	4	)	,
(	362	,	'	2018-12-28	'	,	58	,	2	)	,
(	363	,	'	2018-12-29	'	,	12	,	7	)	,
(	364	,	'	2018-12-30	'	,	17	,	1	)	,
(	365	,	'	2018-12-31	'	,	43	,	1	)	,
(	366	,	'	2019-01-01	'	,	15	,	7	)	,
(	367	,	'	2019-01-02	'	,	44	,	7	)	,
(	368	,	'	2019-01-03	'	,	8	,	8	)	,
(	369	,	'	2019-01-04	'	,	2	,	4	)	,
(	370	,	'	2019-01-05	'	,	75	,	5	)	,
(	371	,	'	2019-01-06	'	,	55	,	9	)	,
(	372	,	'	2019-01-07	'	,	97	,	7	)	,
(	373	,	'	2019-01-08	'	,	76	,	4	)	,
(	374	,	'	2019-01-09	'	,	97	,	9	)	,
(	375	,	'	2019-01-10	'	,	27	,	8	)	,
(	376	,	'	2019-01-11	'	,	91	,	2	)	,
(	377	,	'	2019-01-12	'	,	66	,	6	)	,
(	378	,	'	2019-01-13	'	,	79	,	4	)	,
(	379	,	'	2019-01-14	'	,	89	,	8	)	,
(	380	,	'	2019-01-15	'	,	87	,	4	)	,
(	381	,	'	2019-01-16	'	,	6	,	7	)	,
(	382	,	'	2019-01-17	'	,	91	,	10	)	,
(	383	,	'	2019-01-18	'	,	81	,	8	)	,
(	384	,	'	2019-01-19	'	,	85	,	1	)	,
(	385	,	'	2019-01-20	'	,	8	,	3	)	,
(	386	,	'	2019-01-21	'	,	50	,	1	)	,
(	387	,	'	2019-01-22	'	,	85	,	2	)	,
(	388	,	'	2019-01-23	'	,	73	,	6	)	,
(	389	,	'	2019-01-24	'	,	30	,	10	)	,
(	390	,	'	2019-01-25	'	,	68	,	3	)	,
(	391	,	'	2019-01-26	'	,	4	,	4	)	,
(	392	,	'	2019-01-27	'	,	97	,	10	)	,
(	393	,	'	2019-01-28	'	,	32	,	8	)	,
(	394	,	'	2019-01-29	'	,	32	,	3	)	,
(	395	,	'	2019-01-30	'	,	96	,	8	)	,
(	396	,	'	2019-01-31	'	,	81	,	4	)	,
(	397	,	'	2019-02-01	'	,	10	,	9	)	,
(	398	,	'	2019-02-02	'	,	54	,	5	)	,
(	399	,	'	2019-02-03	'	,	6	,	4	)	,
(	400	,	'	2019-02-04	'	,	85	,	2	)	,
(	401	,	'	2019-02-05	'	,	8	,	7	)	,
(	402	,	'	2019-02-06	'	,	98	,	7	)	,
(	403	,	'	2019-02-07	'	,	96	,	5	)	,
(	404	,	'	2019-02-08	'	,	46	,	5	)	,
(	405	,	'	2019-02-09	'	,	63	,	6	)	,
(	406	,	'	2019-02-10	'	,	22	,	6	)	,
(	407	,	'	2019-02-11	'	,	18	,	2	)	,
(	408	,	'	2019-02-12	'	,	45	,	6	)	,
(	409	,	'	2019-02-13	'	,	73	,	5	)	,
(	410	,	'	2019-02-14	'	,	20	,	1	)	,
(	411	,	'	2019-02-15	'	,	51	,	9	)	,
(	412	,	'	2019-02-16	'	,	59	,	6	)	,
(	413	,	'	2019-02-17	'	,	21	,	6	)	,
(	414	,	'	2019-02-18	'	,	4	,	1	)	,
(	415	,	'	2019-02-19	'	,	39	,	3	)	,
(	416	,	'	2019-02-20	'	,	47	,	5	)	,
(	417	,	'	2019-02-21	'	,	97	,	2	)	,
(	418	,	'	2019-02-22	'	,	69	,	5	)	,
(	419	,	'	2019-02-23	'	,	28	,	1	)	,
(	420	,	'	2019-02-24	'	,	19	,	1	)	,
(	421	,	'	2019-02-25	'	,	47	,	4	)	,
(	422	,	'	2019-02-26	'	,	66	,	7	)	,
(	423	,	'	2019-02-27	'	,	46	,	6	)	,
(	424	,	'	2019-02-28	'	,	53	,	3	)	,
(	425	,	'	2019-03-01	'	,	47	,	4	)	,
(	426	,	'	2019-03-02	'	,	66	,	8	)	,
(	427	,	'	2019-03-03	'	,	15	,	2	)	,
(	428	,	'	2019-03-04	'	,	35	,	5	)	,
(	429	,	'	2019-03-05	'	,	59	,	10	)	,
(	430	,	'	2019-03-06	'	,	56	,	10	)	,
(	431	,	'	2019-03-07	'	,	81	,	1	)	,
(	432	,	'	2019-03-08	'	,	17	,	4	)	,
(	433	,	'	2019-03-09	'	,	12	,	1	)	,
(	434	,	'	2019-03-10	'	,	65	,	6	)	,
(	435	,	'	2019-03-11	'	,	67	,	2	)	,
(	436	,	'	2019-03-12	'	,	99	,	4	)	,
(	437	,	'	2019-03-13	'	,	19	,	6	)	,
(	438	,	'	2019-03-14	'	,	51	,	6	)	,
(	439	,	'	2019-03-15	'	,	14	,	6	)	,
(	440	,	'	2019-03-16	'	,	16	,	7	)	,
(	441	,	'	2019-03-17	'	,	19	,	6	)	,
(	442	,	'	2019-03-18	'	,	41	,	3	)	,
(	443	,	'	2019-03-19	'	,	58	,	7	)	,
(	444	,	'	2019-03-20	'	,	74	,	3	)	,
(	445	,	'	2019-03-21	'	,	48	,	6	)	,
(	446	,	'	2019-03-22	'	,	16	,	3	)	,
(	447	,	'	2019-03-23	'	,	39	,	5	)	,
(	448	,	'	2019-03-24	'	,	87	,	8	)	,
(	449	,	'	2019-03-25	'	,	59	,	4	)	,
(	450	,	'	2019-03-26	'	,	50	,	10	)	,
(	451	,	'	2019-03-27	'	,	86	,	1	)	,
(	452	,	'	2019-03-28	'	,	60	,	2	)	,
(	453	,	'	2019-03-29	'	,	82	,	9	)	,
(	454	,	'	2019-03-30	'	,	81	,	3	)	,
(	455	,	'	2019-03-31	'	,	82	,	2	)	,
(	456	,	'	2019-04-01	'	,	80	,	1	)	,
(	457	,	'	2019-04-02	'	,	63	,	4	)	,
(	458	,	'	2019-04-03	'	,	5	,	6	)	,
(	459	,	'	2019-04-04	'	,	78	,	10	)	,
(	460	,	'	2019-04-05	'	,	6	,	10	)	,
(	461	,	'	2019-04-06	'	,	73	,	7	)	,
(	462	,	'	2019-04-07	'	,	84	,	10	)	,
(	463	,	'	2019-04-08	'	,	40	,	10	)	,
(	464	,	'	2019-04-09	'	,	36	,	7	)	,
(	465	,	'	2019-04-10	'	,	59	,	4	)	,
(	466	,	'	2019-04-11	'	,	31	,	6	)	,
(	467	,	'	2019-04-12	'	,	38	,	9	)	,
(	468	,	'	2019-04-13	'	,	79	,	9	)	,
(	469	,	'	2019-04-14	'	,	19	,	9	)	,
(	470	,	'	2019-04-15	'	,	23	,	5	)	,
(	471	,	'	2019-04-16	'	,	70	,	2	)	,
(	472	,	'	2019-04-17	'	,	65	,	1	)	,
(	473	,	'	2019-04-18	'	,	35	,	10	)	,
(	474	,	'	2019-04-19	'	,	68	,	10	)	,
(	475	,	'	2019-04-20	'	,	3	,	1	)	,
(	476	,	'	2019-04-21	'	,	72	,	1	)	,
(	477	,	'	2019-04-22	'	,	47	,	5	)	,
(	478	,	'	2019-04-23	'	,	28	,	9	)	,
(	479	,	'	2019-04-24	'	,	4	,	10	)	,
(	480	,	'	2019-04-25	'	,	7	,	10	)	,
(	481	,	'	2019-04-26	'	,	58	,	9	)	,
(	482	,	'	2019-04-27	'	,	6	,	1	)	,
(	483	,	'	2019-04-28	'	,	75	,	4	)	,
(	484	,	'	2019-04-29	'	,	5	,	4	)	,
(	485	,	'	2019-04-30	'	,	77	,	3	)	,
(	486	,	'	2019-05-01	'	,	88	,	6	)	,
(	487	,	'	2019-05-02	'	,	42	,	7	)	,
(	488	,	'	2019-05-03	'	,	65	,	10	)	,
(	489	,	'	2019-05-04	'	,	29	,	9	)	,
(	490	,	'	2019-05-05	'	,	3	,	2	)	,
(	491	,	'	2019-05-06	'	,	77	,	3	)	,
(	492	,	'	2019-05-07	'	,	82	,	10	)	,
(	493	,	'	2019-05-08	'	,	13	,	5	)	,
(	494	,	'	2019-05-09	'	,	14	,	9	)	,
(	495	,	'	2019-05-10	'	,	96	,	5	)	,
(	496	,	'	2019-05-11	'	,	37	,	1	)	,
(	497	,	'	2019-05-12	'	,	16	,	8	)	,
(	498	,	'	2019-05-13	'	,	73	,	5	)	,
(	499	,	'	2019-05-14	'	,	19	,	5	)	,
(	500	,	'	2019-05-15	'	,	42	,	6	)	,
(	501	,	'	2019-05-16	'	,	75	,	5	)	,
(	502	,	'	2019-05-17	'	,	81	,	1	)	,
(	503	,	'	2019-05-18	'	,	70	,	4	)	,
(	504	,	'	2019-05-19	'	,	54	,	8	)	,
(	505	,	'	2019-05-20	'	,	57	,	1	)	,
(	506	,	'	2019-05-21	'	,	69	,	2	)	,
(	507	,	'	2019-05-22	'	,	5	,	6	)	,
(	508	,	'	2019-05-23	'	,	91	,	9	)	,
(	509	,	'	2019-05-24	'	,	97	,	1	)	,
(	510	,	'	2019-05-25	'	,	54	,	9	)	,
(	511	,	'	2019-05-26	'	,	68	,	5	)	,
(	512	,	'	2019-05-27	'	,	73	,	7	)	,
(	513	,	'	2019-05-28	'	,	27	,	5	)	,
(	514	,	'	2019-05-29	'	,	53	,	4	)	,
(	515	,	'	2019-05-30	'	,	66	,	1	)	,
(	516	,	'	2019-05-31	'	,	12	,	8	)	,
(	517	,	'	2019-06-01	'	,	52	,	7	)	,
(	518	,	'	2019-06-02	'	,	44	,	6	)	,
(	519	,	'	2019-06-03	'	,	87	,	10	)	,
(	520	,	'	2019-06-04	'	,	11	,	4	)	,
(	521	,	'	2019-06-05	'	,	93	,	9	)	,
(	522	,	'	2019-06-06	'	,	9	,	5	)	,
(	523	,	'	2019-06-07	'	,	47	,	7	)	,
(	524	,	'	2019-06-08	'	,	96	,	2	)	,
(	525	,	'	2019-06-09	'	,	17	,	3	)	,
(	526	,	'	2019-06-10	'	,	37	,	5	)	,
(	527	,	'	2019-06-11	'	,	89	,	3	)	,
(	528	,	'	2019-06-12	'	,	96	,	5	)	,
(	529	,	'	2019-06-13	'	,	29	,	10	)	,
(	530	,	'	2019-06-14	'	,	61	,	3	)	,
(	531	,	'	2019-06-15	'	,	27	,	9	)	,
(	532	,	'	2019-06-16	'	,	35	,	3	)	,
(	533	,	'	2019-06-17	'	,	16	,	9	)	,
(	534	,	'	2019-06-18	'	,	79	,	4	)	,
(	535	,	'	2019-06-19	'	,	63	,	10	)	,
(	536	,	'	2019-06-20	'	,	23	,	1	)	,
(	537	,	'	2019-06-21	'	,	30	,	7	)	,
(	538	,	'	2019-06-22	'	,	94	,	10	)	,
(	539	,	'	2019-06-23	'	,	18	,	2	)	,
(	540	,	'	2019-06-24	'	,	24	,	6	)	,
(	541	,	'	2019-06-25	'	,	80	,	4	)	,
(	542	,	'	2019-06-26	'	,	16	,	3	)	,
(	543	,	'	2019-06-27	'	,	87	,	5	)	,
(	544	,	'	2019-06-28	'	,	79	,	2	)	,
(	545	,	'	2019-06-29	'	,	28	,	4	)	,
(	546	,	'	2019-06-30	'	,	80	,	6	)	,
(	547	,	'	2019-07-01	'	,	69	,	8	)	,
(	548	,	'	2019-07-02	'	,	72	,	8	)	,
(	549	,	'	2019-07-03	'	,	1	,	6	)	,
(	550	,	'	2019-07-04	'	,	38	,	8	)	,
(	551	,	'	2019-07-05	'	,	32	,	1	)	,
(	552	,	'	2019-07-06	'	,	32	,	2	)	,
(	553	,	'	2019-07-07	'	,	67	,	3	)	,
(	554	,	'	2019-07-08	'	,	73	,	2	)	,
(	555	,	'	2019-07-09	'	,	26	,	3	)	,
(	556	,	'	2019-07-10	'	,	29	,	10	)	,
(	557	,	'	2019-07-11	'	,	23	,	3	)	,
(	558	,	'	2019-07-12	'	,	41	,	6	)	,
(	559	,	'	2019-07-13	'	,	49	,	4	)	,
(	560	,	'	2019-07-14	'	,	8	,	6	)	,
(	561	,	'	2019-07-15	'	,	24	,	8	)	,
(	562	,	'	2019-07-16	'	,	15	,	5	)	,
(	563	,	'	2019-07-17	'	,	72	,	10	)	,
(	564	,	'	2019-07-18	'	,	25	,	3	)	,
(	565	,	'	2019-07-19	'	,	91	,	3	)	,
(	566	,	'	2019-07-20	'	,	70	,	2	)	,
(	567	,	'	2019-07-21	'	,	62	,	6	)	,
(	568	,	'	2019-07-22	'	,	61	,	9	)	,
(	569	,	'	2019-07-23	'	,	90	,	10	)	,
(	570	,	'	2019-07-24	'	,	64	,	10	)	,
(	571	,	'	2019-07-25	'	,	24	,	5	)	,
(	572	,	'	2019-07-26	'	,	50	,	4	)	,
(	573	,	'	2019-07-27	'	,	52	,	6	)	,
(	574	,	'	2019-07-28	'	,	91	,	9	)	,
(	575	,	'	2019-07-29	'	,	76	,	7	)	,
(	576	,	'	2019-07-30	'	,	28	,	2	)	,
(	577	,	'	2019-07-31	'	,	100	,	7	)	,
(	578	,	'	2019-08-01	'	,	1	,	4	)	,
(	579	,	'	2019-08-02	'	,	62	,	6	)	,
(	580	,	'	2019-08-03	'	,	26	,	4	)	,
(	581	,	'	2019-08-04	'	,	13	,	4	)	,
(	582	,	'	2019-08-05	'	,	74	,	6	)	,
(	583	,	'	2019-08-06	'	,	91	,	1	)	,
(	584	,	'	2019-08-07	'	,	55	,	3	)	,
(	585	,	'	2019-08-08	'	,	42	,	2	)	,
(	586	,	'	2019-08-09	'	,	9	,	8	)	,
(	587	,	'	2019-08-10	'	,	44	,	2	)	,
(	588	,	'	2019-08-11	'	,	78	,	5	)	,
(	589	,	'	2019-08-12	'	,	78	,	1	)	,
(	590	,	'	2019-08-13	'	,	78	,	10	)	,
(	591	,	'	2019-08-14	'	,	83	,	3	)	,
(	592	,	'	2019-08-15	'	,	67	,	6	)	,
(	593	,	'	2019-08-16	'	,	46	,	8	)	,
(	594	,	'	2019-08-17	'	,	69	,	1	)	,
(	595	,	'	2019-08-18	'	,	45	,	9	)	,
(	596	,	'	2019-08-19	'	,	78	,	5	)	,
(	597	,	'	2019-08-20	'	,	80	,	8	)	,
(	598	,	'	2019-08-21	'	,	87	,	2	)	,
(	599	,	'	2019-08-22	'	,	94	,	4	)	,
(	600	,	'	2019-08-23	'	,	92	,	6	)	,
(	601	,	'	2019-08-24	'	,	78	,	10	)	,
(	602	,	'	2019-08-25	'	,	73	,	2	)	,
(	603	,	'	2019-08-26	'	,	44	,	10	)	,
(	604	,	'	2019-08-27	'	,	17	,	2	)	,
(	605	,	'	2019-08-28	'	,	31	,	7	)	,
(	606	,	'	2019-08-29	'	,	38	,	4	)	,
(	607	,	'	2019-08-30	'	,	14	,	4	)	,
(	608	,	'	2019-08-31	'	,	64	,	1	)	,
(	609	,	'	2019-09-01	'	,	41	,	10	)	;





commit;